company_id,회사명,table_id,group_zip,표분류,보고서절,사업범위,PDF쪽,DART쪽,표주변제목,단위_제목추출,보고서접수번호,보고서명,데이터CSV,원본헤더행수,데이터행수,원본열수,원본PDF파일명,수치셀수
CMP0003,LIG디펜스앤에어로스페이스,CMP0003-T-22-1,02_제품서비스표,제품서비스,II-2 주요 제품 및 서비스,공통,22,19,2. 주요 제품 및 서비스 | [연결회사의 내용] | 가. 주요 제품에 관한 내용 | (단위 : 백만원),백만원,20260825000158,2026년 반기보고서,tables/CMP0003-T-22-1.csv,2,6,7,LIG디펜스앤에어로스페이스_반기보고서_20260825_20260825000158.pdf,36
CMP0004,STX엔진,CMP0004-T-16-1,02_제품서비스표,제품서비스,II-2 주요 제품 및 서비스,공통,16,13,습니다. | 2. 주요 제품 및 서비스 | 가. 주요 제품 등의 현황 | (단위 : 백만원),백만원,20260814001988,2026년 반기보고서,tables/CMP0004-T-16-1.csv,1,4,6,STX엔진_반기보고서_20260814_20260814001988.pdf,4
CMP0021,기아,CMP0021-T-31-1,02_제품서비스표,제품서비스,II-2 주요 제품 및 서비스,공통,31,28,"가. 매출 현황 | 연결실체는 각종 차량의 제조 및 판매를 주요사업으로 영위하고 있으며, 당기 주요재무정 | 보는 다음과 같습니다. | (단위 : 백만원)",백만원,20260916000427,2026년 반기보고서,tables/CMP0021-T-31-1.csv,1,4,3,기아_반기보고서_20260916_20260916000427.pdf,4
CMP0037,니어스랩,CMP0037-T-20-1,02_제품서비스표,제품서비스,II-2 주요 제품 및 서비스,공통,20,18,2. 주요 제품 및 서비스 | 가. 주요 제품 등의 현황 | (단위 : 천원),천원,20260828000598,2026년 반기보고서,tables/CMP0037-T-20-1.csv,2,8,9,니어스랩_반기보고서_20260828_20260828000598.pdf,42
CMP0045,대우건설,CMP0045-T-23-1,02_제품서비스표,제품서비스,II-2 주요 제품 및 서비스,공통,23,19,각 사업 부문별 상세 내역에 대해서는 'Ⅱ.사업의 내용 -7. 기타 참고사항'을 참고하시기 바 | 랍니다. | 2. 주요 제품 및 서비스 | (기준일 : 2026년 06월 30일) (단위 : 백만원),백만원,20260814002161,2026년 반기보고서,tables/CMP0045-T-23-1.csv,2,6,8,대우건설_반기보고서_20260814_20260814002161.pdf,36
CMP0049,대한항공,CMP0049-T-29-1,02_제품서비스표,제품서비스,II-2 주요 제품 및 서비스,공통,29,25,가. 매출 현황,,20260814002803,2026년 반기보고서,tables/CMP0049-T-29-1.csv,1,48,10,대한항공_반기보고서_20260814_20260814002803.pdf,274
CMP0049,대한항공,CMP0049-T-30-1,02_제품서비스표,제품서비스,II-2 주요 제품 및 서비스,공통,30,26,,,20260814002803,2026년 반기보고서,tables/CMP0049-T-30-1.csv,0,3,9,대한항공_반기보고서_20260814_20260814002803.pdf,18
CMP0105,베셀,CMP0105-T-18-1,02_제품서비스표,제품서비스,II-2 주요 제품 및 서비스,공통,18,16,를 참고하여 주시기 바랍니다. | 2. 주요 제품 및 서비스 | 1) 주요 제품 등의 현황 | (단위: 천원),천원,20260814000287,2026년 반기보고서,tables/CMP0105-T-18-1.csv,1,8,5,베셀_반기보고서_20260814_20260814000287.pdf,6
CMP0166,에스케이온,CMP0166-T-24-1,02_제품서비스표,제품서비스,II-2 주요 제품 및 서비스,공통,24,22,서의 위상을 높이고 있습니다. | 2. 주요 제품 및 서비스 | 가. 주요 제품 등의 현황 | (단위: 백만원),백만원,20260814003034,2026년 반기보고서,tables/CMP0166-T-24-1.csv,2,12,10,에스케이온_반기보고서_20260814_20260814003034.pdf,64
CMP0206,이노뎁,CMP0206-T-16-1,02_제품서비스표,제품서비스,II-2 주요 제품 및 서비스,공통,16,14,"당사의 종속회사는 무인단속 교통 시스템 등에 필요한 지능형 교통시스템 구축이 주력사업으로, 모회 | 사와의 결함 가능성이 큼에 따라 여러 분야에서 협력을 타진하고 있습니다. | (기준일: 2026년 06월 30일) | (단위 : 백만원, %)","백만원, %",20260814003183,2026년 반기보고서,tables/CMP0206-T-16-1.csv,1,4,5,이노뎁_반기보고서_20260814_20260814003183.pdf,8
CMP0212,이지시스템,CMP0212-T-19-1,02_제품서비스표,제품서비스,II-2 주요 제품 및 서비스,공통,19,17,2. 주요 제품 및 서비스 | 가. 주요 제품 등의 현황 | (단위 :백만원 ),백만원,20260814002780,2026년 반기보고서,tables/CMP0212-T-19-1.csv,1,6,6,이지시스템_반기보고서_20260814_20260814002780.pdf,4
CMP0212,이지시스템,CMP0212-T-20-1,02_제품서비스표,제품서비스,II-2 주요 제품 및 서비스,공통,20,18,,,20260814002780,2026년 반기보고서,tables/CMP0212-T-20-1.csv,1,18,6,이지시스템_반기보고서_20260814_20260814002780.pdf,14
CMP0219,제이씨현시스템,CMP0219-T-15-2,02_제품서비스표,제품서비스,II-2 주요 제품 및 서비스,공통,15,13,제품 및 서비스'와 '4. 매출 및 수주현황'에 기재된 바와 같다. | 2. 주요 제품 및 서비스 | ■ 당사 및 종속회사의 각 제품별 매출액 및 총매출액에서 차지하는 비율 | (2026년 6월 30일 기준),,20260814002062,2026년 반기보고서,tables/CMP0219-T-15-2.csv,1,11,5,제이씨현시스템_반기보고서_20260814_20260814002062.pdf,22
CMP0248,퍼스텍,CMP0248-T-15-1,02_제품서비스표,제품서비스,II-2 주요 제품 및 서비스,공통,15,12,"가. 주요 제품 등의 현황 | - 당사는 무기 제조업 및 보안서비스 제품을 생산, 판매 하고 있으며, 당사의 각 제품별 매출 | 액 및 매출액에서 차지하는 비율은 아래와 같습니다. | (단위 : 천원)",천원,20260814002664,2026년 반기보고서,tables/CMP0248-T-15-1.csv,1,1,8,퍼스텍_반기보고서_20260814_20260814002664.pdf,3
CMP0252,풍산,CMP0252-T-15-1,02_제품서비스표,제품서비스,II-2 주요 제품 및 서비스,공통,15,12,가. 주요제품 등의 현황 | 당사 및 주요 종속회사의 각 제품별 매출액 및 매출비율은 아래와 같습니다. | (1) ㈜풍산 | (단위 : 백만원),백만원,20260814004203,2026년 반기보고서,tables/CMP0252-T-15-1.csv,2,6,11,풍산_반기보고서_20260814_20260814004203.pdf,36
CMP0252,풍산,CMP0252-T-16-1,02_제품서비스표,제품서비스,II-2 주요 제품 및 서비스,공통,16,13,(2) ㈜풍산FNS | (단위 : 백만원),백만원,20260814004203,2026년 반기보고서,tables/CMP0252-T-16-1.csv,2,4,11,풍산_반기보고서_20260814_20260814004203.pdf,24
CMP0252,풍산,CMP0252-T-16-2,02_제품서비스표,제품서비스,II-2 주요 제품 및 서비스,공통,16,13,"정밀부품 "" 11,054 45.4% 12,610 13.2% 13,521 33.6% | 합 계 24,370 100.0% 95,648 100.0% 40,226 100.0% | (3) PMX Industries, Inc. | (단위 : 천U$)",천U$,20260814004203,2026년 반기보고서,tables/CMP0252-T-16-2.csv,2,3,11,풍산_반기보고서_20260814_20260814004203.pdf,18
CMP0252,풍산,CMP0252-T-16-3,02_제품서비스표,제품서비스,II-2 주요 제품 및 서비스,공통,16,13,"신동부문 제품 등 스크랩 등 "" "" 23,345 7.4% 64,196 11.6% 59,973 11.5% | 합 계 314,281 100.0% 553,220 100.0% 520,977 100.0% | (4) Siam Poongsan Metal Co., Ltd. | (단위 : 천Baht)",천Baht,20260814004203,2026년 반기보고서,tables/CMP0252-T-16-3.csv,2,4,11,풍산_반기보고서_20260814_20260814004203.pdf,24
CMP0252,풍산,CMP0252-T-16-4,02_제품서비스표,제품서비스,II-2 주요 제품 및 서비스,공통,16,13,"스크랩 등 산업용소재 - 111,128 2.5% 436,470 5.8% 331,594 4.0% | 합 계 4,413,593 100.0% 7,556,514 100.0% 8,210,785 100.0% | (5) PMC Ammunition, Inc. | (단위 : 천U$)",천U$,20260814004203,2026년 반기보고서,tables/CMP0252-T-16-4.csv,2,2,11,풍산_반기보고서_20260814_20260814004203.pdf,12
CMP0252,풍산,CMP0252-T-16-5,02_제품서비스표,제품서비스,II-2 주요 제품 및 서비스,공통,16,13,"방산부문 제품 등 | 합 계 101,791 100.0% 133,644 100.0% 236,769 100.0% | (6) Poongsan (Lianyungang) Co., Ltd. | (단위 : 천U$)",천U$,20260814004203,2026년 반기보고서,tables/CMP0252-T-16-5.csv,2,3,11,풍산_반기보고서_20260814_20260814004203.pdf,18
CMP0252,풍산,CMP0252-T-17-1,02_제품서비스표,제품서비스,II-2 주요 제품 및 서비스,공통,17,14,,,20260814004203,2026년 반기보고서,tables/CMP0252-T-17-1.csv,0,1,7,풍산_반기보고서_20260814_20260814004203.pdf,6
CMP0252,풍산,CMP0252-T-17-2,02_제품서비스표,제품서비스,II-2 주요 제품 및 서비스,공통,17,14,"합 계 56,601 100.0% 92,793 100.0% 85,823 100.0% | (7) Poongsan Japan Corporation | (단위 : 천JPY)",천JPY,20260814004203,2026년 반기보고서,tables/CMP0252-T-17-2.csv,2,4,11,풍산_반기보고서_20260814_20260814004203.pdf,24
CMP0270,한국전력공사,CMP0270-T-21-1,02_제품서비스표,제품서비스,II-2 주요 제품 및 서비스,공통,21,17,"(단위 : 백만원,%)","백만원,%",20260814002198,2026년 반기보고서,tables/CMP0270-T-21-1.csv,2,13,11,한국전력공사_반기보고서_20260814_20260814002198.pdf,63
CMP0282,한화,CMP0282-T-66-1,02_제품서비스표,제품서비스,II-2 주요 제품 및 서비스,제조서비스업,66,62,"2. (제조서비스업)주요 제품 및 서비스 | 가. 주요 제품, 서비스 등의 매출 현황 | (단위 : 백만원, %)","백만원, %",20260831001249,2026년 반기보고서,tables/CMP0282-T-66-1.csv,1,25,7,한화_반기보고서_20260831_20260831001249.pdf,48
CMP0282,한화,CMP0282-T-67-1,02_제품서비스표,제품서비스,II-2 주요 제품 및 서비스,제조서비스업,67,63,,,20260831001249,2026년 반기보고서,tables/CMP0282-T-67-1.csv,1,20,7,한화_반기보고서_20260831_20260831001249.pdf,40
CMP0283,한화시스템,CMP0283-T-29-1,02_제품서비스표,제품서비스,II-2 주요 제품 및 서비스,공통,29,25,"고객의 전산시스템을 운영 및 관리하는 IT아웃소싱 및 블록체인, AI 등 딥테크 기술을 활용 | 한 디지털플랫폼 등을 주요사업으로 수행하고 있습니다. | 2. 주요 제품 및 서비스 | (단위 : 백만원)",백만원,20260820000123,2026년 반기보고서,tables/CMP0283-T-29-1.csv,1,2,7,한화시스템_반기보고서_20260820_20260820000123.pdf,4
CMP0283,한화시스템,CMP0283-T-30-1,02_제품서비스표,제품서비스,II-2 주요 제품 및 서비스,공통,30,26,,,20260820000123,2026년 반기보고서,tables/CMP0283-T-30-1.csv,0,3,7,한화시스템_반기보고서_20260820_20260820000123.pdf,6
CMP0284,한화에어로스페이스,CMP0284-T-30-1,02_제품서비스표,제품서비스,II-2 주요 제품 및 서비스,공통,30,26,하는 사업입니다. | 2. 주요 제품 및 서비스 | 가. 주요 제품 등의 현황 | (단위 : 백만원),백만원,20260814003198,2026년 반기보고서,tables/CMP0284-T-30-1.csv,1,7,8,한화에어로스페이스_반기보고서_20260814_20260814003198.pdf,14
CMP0291,현대로템,CMP0291-T-18-1,02_제품서비스표,제품서비스,II-2 주요 제품 및 서비스,공통,18,14,아울러 탑승교 및 공항 물류시스템 등과 같은 항공 인프라와 피지컬 AI 산업화 전략에 발맞 | 추어 로보틱스 생산 조립 시스템 사업을 구축하여 균형 잡힌 사업 구조로 전환 중입니다. | 1) 각 부문 제품 매출액 및 비중 | (단위 : 억원),억원,20260814002977,2026년 반기보고서,tables/CMP0291-T-18-1.csv,1,4,5,현대로템_반기보고서_20260814_20260814002977.pdf,8
CMP0292,현대자동차,CMP0292-T-34-1,02_제품서비스표,제품서비스,II-2 주요 제품 및 서비스,제조서비스업,34,30,,,20260814003521,2026년 반기보고서,tables/CMP0292-T-34-1.csv,1,6,8,현대자동차_반기보고서_20260814_20260814003521.pdf,36
CMP0296,휴니드테크놀러지스,CMP0296-T-18-2,02_제품서비스표,제품서비스,II-2 주요 제품 및 서비스,공통,18,15,"가. 주요 제품 또는 서비스 현황 | 보고서 작성기준일 현재 당사의 제품별 매출액 및 총 매출액에서 차지하는 비율은 다음과 같 | 습니다. | (기준일 : 2026년 1월 1일 ~ 6월 30일) (단위 : 백만원, %)","백만원, %",20260814003254,2026년 반기보고서,tables/CMP0296-T-18-2.csv,1,1,6,휴니드테크놀러지스_반기보고서_20260814_20260814003254.pdf,2
CMP0296,휴니드테크놀러지스,CMP0296-T-19-1,02_제품서비스표,제품서비스,II-2 주요 제품 및 서비스,공통,19,16,,,20260814003254,2026년 반기보고서,tables/CMP0296-T-19-1.csv,0,2,6,휴니드테크놀러지스_반기보고서_20260814_20260814003254.pdf,4
