application_id,job_id,job_title_ko,middle_category,basis,review_status,review_note
감시.정찰.수색,DJ-062,드론 임무컴퓨터 개발자,센서·임무장비,분야 '감시.정찰.수색' ↔ 직무 중분류 '센서·임무장비' 명칭·업무 대응(초안 규칙),draft,
감시.정찰.수색,DJ-063,드론 EO/IR 짐벌 엔지니어,센서·임무장비,분야 '감시.정찰.수색' ↔ 직무 중분류 '센서·임무장비' 명칭·업무 대응(초안 규칙),draft,
감시.정찰.수색,DJ-064,드론 LiDAR 탑재체 엔지니어,센서·임무장비,분야 '감시.정찰.수색' ↔ 직무 중분류 '센서·임무장비' 명칭·업무 대응(초안 규칙),draft,
감시.정찰.수색,DJ-065,드론 레이더 탑재체 엔지니어,센서·임무장비,분야 '감시.정찰.수색' ↔ 직무 중분류 '센서·임무장비' 명칭·업무 대응(초안 규칙),draft,
감시.정찰.수색,DJ-066,드론 멀티스펙트럴 센서 엔지니어,센서·임무장비,분야 '감시.정찰.수색' ↔ 직무 중분류 '센서·임무장비' 명칭·업무 대응(초안 규칙),draft,
감시.정찰.수색,DJ-067,드론 임무장비 통합 엔지니어,센서·임무장비,분야 '감시.정찰.수색' ↔ 직무 중분류 '센서·임무장비' 명칭·업무 대응(초안 규칙),draft,
감시.정찰.수색,DJ-068,드론 EMC·EMI 시험 엔지니어,센서·임무장비,분야 '감시.정찰.수색' ↔ 직무 중분류 '센서·임무장비' 명칭·업무 대응(초안 규칙),draft,
감시.정찰.수색,DJ-069,드론 환경·내구 시험 엔지니어,센서·임무장비,분야 '감시.정찰.수색' ↔ 직무 중분류 '센서·임무장비' 명칭·업무 대응(초안 규칙),draft,
감시.정찰.수색,DJ-095,드론 파일럿,조종·운항,분야 '감시.정찰.수색' ↔ 직무 중분류 '조종·운항' 명칭·업무 대응(초안 규칙),draft,
감시.정찰.수색,DJ-096,멀티콥터 드론 조종자,조종·운항,분야 '감시.정찰.수색' ↔ 직무 중분류 '조종·운항' 명칭·업무 대응(초안 규칙),draft,
감시.정찰.수색,DJ-097,무인비행기 조종자,조종·운항,분야 '감시.정찰.수색' ↔ 직무 중분류 '조종·운항' 명칭·업무 대응(초안 규칙),draft,
감시.정찰.수색,DJ-098,무인헬리콥터 조종자,조종·운항,분야 '감시.정찰.수색' ↔ 직무 중분류 '조종·운항' 명칭·업무 대응(초안 규칙),draft,
감시.정찰.수색,DJ-099,VTOL 무인기 조종자,조종·운항,분야 '감시.정찰.수색' ↔ 직무 중분류 '조종·운항' 명칭·업무 대응(초안 규칙),draft,
감시.정찰.수색,DJ-100,FPV 드론 조종자,조종·운항,분야 '감시.정찰.수색' ↔ 직무 중분류 '조종·운항' 명칭·업무 대응(초안 규칙),draft,
감시.정찰.수색,DJ-101,장거리·비가시권 드론 조종자,조종·운항,분야 '감시.정찰.수색' ↔ 직무 중분류 '조종·운항' 명칭·업무 대응(초안 규칙),draft,
감시.정찰.수색,DJ-102,드론 임무계획 담당자,조종·운항,분야 '감시.정찰.수색' ↔ 직무 중분류 '조종·운항' 명칭·업무 대응(초안 규칙),draft,
감시.정찰.수색,DJ-103,드론 운항관리자,조종·운항,분야 '감시.정찰.수색' ↔ 직무 중분류 '조종·운항' 명칭·업무 대응(초안 규칙),draft,
감시.정찰.수색,DJ-104,드론 배차·운항통제 담당자,조종·운항,분야 '감시.정찰.수색' ↔ 직무 중분류 '조종·운항' 명칭·업무 대응(초안 규칙),draft,
감시.정찰.수색,DJ-105,드론 지상통제소 운용자,조종·운항,분야 '감시.정찰.수색' ↔ 직무 중분류 '조종·운항' 명칭·업무 대응(초안 규칙),draft,
감시.정찰.수색,DJ-106,드론 페이로드 운용자,조종·운항,분야 '감시.정찰.수색' ↔ 직무 중분류 '조종·운항' 명칭·업무 대응(초안 규칙),draft,
감시.정찰.수색,DJ-107,드론 시각관찰자,조종·운항,분야 '감시.정찰.수색' ↔ 직무 중분류 '조종·운항' 명칭·업무 대응(초안 규칙),draft,
감시.정찰.수색,DJ-108,드론 플릿 관제사,조종·운항,분야 '감시.정찰.수색' ↔ 직무 중분류 '조종·운항' 명칭·업무 대응(초안 규칙),draft,
감시.정찰.수색,DJ-170,재난현장 드론 운용요원,재난·치안·해양·물류,분야 '감시.정찰.수색' ↔ 직무 중분류 '재난·치안·해양·물류' 명칭·업무 대응(초안 규칙),draft,
감시.정찰.수색,DJ-171,드론 수색구조 요원,재난·치안·해양·물류,분야 '감시.정찰.수색' ↔ 직무 중분류 '재난·치안·해양·물류' 명칭·업무 대응(초안 규칙),draft,
감시.정찰.수색,DJ-172,소방 드론 운용요원,재난·치안·해양·물류,분야 '감시.정찰.수색' ↔ 직무 중분류 '재난·치안·해양·물류' 명칭·업무 대응(초안 규칙),draft,
감시.정찰.수색,DJ-173,경찰 드론 순찰·수사 지원요원,재난·치안·해양·물류,분야 '감시.정찰.수색' ↔ 직무 중분류 '재난·치안·해양·물류' 명칭·업무 대응(초안 규칙),draft,
감시.정찰.수색,DJ-174,교정시설 드론 순찰요원,재난·치안·해양·물류,분야 '감시.정찰.수색' ↔ 직무 중분류 '재난·치안·해양·물류' 명칭·업무 대응(초안 규칙),draft,
감시.정찰.수색,DJ-175,세관·국경감시 드론 운용요원,재난·치안·해양·물류,분야 '감시.정찰.수색' ↔ 직무 중분류 '재난·치안·해양·물류' 명칭·업무 대응(초안 규칙),draft,
감시.정찰.수색,DJ-176,군 무인기 정찰·감시 운용요원,재난·치안·해양·물류,분야 '감시.정찰.수색' ↔ 직무 중분류 '재난·치안·해양·물류' 명칭·업무 대응(초안 규칙),draft,
감시.정찰.수색,DJ-177,대드론 탐지시스템 운용자,재난·치안·해양·물류,분야 '감시.정찰.수색' ↔ 직무 중분류 '재난·치안·해양·물류' 명칭·업무 대응(초안 규칙),draft,
감시.정찰.수색,DJ-178,대드론 대응체계 엔지니어,재난·치안·해양·물류,분야 '감시.정찰.수색' ↔ 직무 중분류 '재난·치안·해양·물류' 명칭·업무 대응(초안 규칙),draft,
감시.정찰.수색,DJ-179,해양 드론 안전감시원,재난·치안·해양·물류,분야 '감시.정찰.수색' ↔ 직무 중분류 '재난·치안·해양·물류' 명칭·업무 대응(초안 규칙),draft,
감시.정찰.수색,DJ-180,드론 해양오염 조사원,재난·치안·해양·물류,분야 '감시.정찰.수색' ↔ 직무 중분류 '재난·치안·해양·물류' 명칭·업무 대응(초안 규칙),draft,
감시.정찰.수색,DJ-181,드론 기상관측 운용자,재난·치안·해양·물류,분야 '감시.정찰.수색' ↔ 직무 중분류 '재난·치안·해양·물류' 명칭·업무 대응(초안 규칙),draft,
감시.정찰.수색,DJ-182,드론 배송 조종·관제 담당자,재난·치안·해양·물류,분야 '감시.정찰.수색' ↔ 직무 중분류 '재난·치안·해양·물류' 명칭·업무 대응(초안 규칙),draft,
감시.정찰.수색,DJ-183,드론 의료물류 운용자,재난·치안·해양·물류,분야 '감시.정찰.수색' ↔ 직무 중분류 '재난·치안·해양·물류' 명칭·업무 대응(초안 규칙),draft,
감시.정찰.수색,DJ-184,드론 스테이션 운영자,재난·치안·해양·물류,분야 '감시.정찰.수색' ↔ 직무 중분류 '재난·치안·해양·물류' 명칭·업무 대응(초안 규칙),draft,
감시.정찰.수색,DJ-185,드론 창고재고 조사원,재난·치안·해양·물류,분야 '감시.정찰.수색' ↔ 직무 중분류 '재난·치안·해양·물류' 명칭·업무 대응(초안 규칙),draft,
감시.정찰.수색,DJ-186,드론 보험손해 조사원,재난·치안·해양·물류,분야 '감시.정찰.수색' ↔ 직무 중분류 '재난·치안·해양·물류' 명칭·업무 대응(초안 규칙),draft,
인프라관리,DJ-095,드론 파일럿,조종·운항,분야 '인프라관리' ↔ 직무 중분류 '조종·운항' 명칭·업무 대응(초안 규칙),draft,
인프라관리,DJ-096,멀티콥터 드론 조종자,조종·운항,분야 '인프라관리' ↔ 직무 중분류 '조종·운항' 명칭·업무 대응(초안 규칙),draft,
인프라관리,DJ-097,무인비행기 조종자,조종·운항,분야 '인프라관리' ↔ 직무 중분류 '조종·운항' 명칭·업무 대응(초안 규칙),draft,
인프라관리,DJ-098,무인헬리콥터 조종자,조종·운항,분야 '인프라관리' ↔ 직무 중분류 '조종·운항' 명칭·업무 대응(초안 규칙),draft,
인프라관리,DJ-099,VTOL 무인기 조종자,조종·운항,분야 '인프라관리' ↔ 직무 중분류 '조종·운항' 명칭·업무 대응(초안 규칙),draft,
인프라관리,DJ-100,FPV 드론 조종자,조종·운항,분야 '인프라관리' ↔ 직무 중분류 '조종·운항' 명칭·업무 대응(초안 규칙),draft,
인프라관리,DJ-101,장거리·비가시권 드론 조종자,조종·운항,분야 '인프라관리' ↔ 직무 중분류 '조종·운항' 명칭·업무 대응(초안 규칙),draft,
인프라관리,DJ-102,드론 임무계획 담당자,조종·운항,분야 '인프라관리' ↔ 직무 중분류 '조종·운항' 명칭·업무 대응(초안 규칙),draft,
인프라관리,DJ-103,드론 운항관리자,조종·운항,분야 '인프라관리' ↔ 직무 중분류 '조종·운항' 명칭·업무 대응(초안 규칙),draft,
인프라관리,DJ-104,드론 배차·운항통제 담당자,조종·운항,분야 '인프라관리' ↔ 직무 중분류 '조종·운항' 명칭·업무 대응(초안 규칙),draft,
인프라관리,DJ-105,드론 지상통제소 운용자,조종·운항,분야 '인프라관리' ↔ 직무 중분류 '조종·운항' 명칭·업무 대응(초안 규칙),draft,
인프라관리,DJ-106,드론 페이로드 운용자,조종·운항,분야 '인프라관리' ↔ 직무 중분류 '조종·운항' 명칭·업무 대응(초안 규칙),draft,
인프라관리,DJ-107,드론 시각관찰자,조종·운항,분야 '인프라관리' ↔ 직무 중분류 '조종·운항' 명칭·업무 대응(초안 규칙),draft,
인프라관리,DJ-108,드론 플릿 관제사,조종·운항,분야 '인프라관리' ↔ 직무 중분류 '조종·운항' 명칭·업무 대응(초안 규칙),draft,
인프라관리,DJ-154,드론 측량 현장기술자,측량·건설·시설점검,분야 '인프라관리' ↔ 직무 중분류 '측량·건설·시설점검' 명칭·업무 대응(초안 규칙),draft,
인프라관리,DJ-155,드론 사진측량사,측량·건설·시설점검,분야 '인프라관리' ↔ 직무 중분류 '측량·건설·시설점검' 명칭·업무 대응(초안 규칙),draft,
인프라관리,DJ-156,드론 LiDAR 측량 기술자,측량·건설·시설점검,분야 '인프라관리' ↔ 직무 중분류 '측량·건설·시설점검' 명칭·업무 대응(초안 규칙),draft,
인프라관리,DJ-157,드론 지적·토지 조사원,측량·건설·시설점검,분야 '인프라관리' ↔ 직무 중분류 '측량·건설·시설점검' 명칭·업무 대응(초안 규칙),draft,
인프라관리,DJ-158,드론 건설공정 관리자,측량·건설·시설점검,분야 '인프라관리' ↔ 직무 중분류 '측량·건설·시설점검' 명칭·업무 대응(초안 규칙),draft,
인프라관리,DJ-159,드론 건축물 안전점검원,측량·건설·시설점검,분야 '인프라관리' ↔ 직무 중분류 '측량·건설·시설점검' 명칭·업무 대응(초안 규칙),draft,
인프라관리,DJ-160,드론 교량·터널 점검원,측량·건설·시설점검,분야 '인프라관리' ↔ 직무 중분류 '측량·건설·시설점검' 명칭·업무 대응(초안 규칙),draft,
인프라관리,DJ-161,드론 도로·철도 점검원,측량·건설·시설점검,분야 '인프라관리' ↔ 직무 중분류 '측량·건설·시설점검' 명칭·업무 대응(초안 규칙),draft,
인프라관리,DJ-162,드론 전력선·송전탑 점검원,측량·건설·시설점검,분야 '인프라관리' ↔ 직무 중분류 '측량·건설·시설점검' 명칭·업무 대응(초안 규칙),draft,
인프라관리,DJ-163,드론 태양광 설비 점검원,측량·건설·시설점검,분야 '인프라관리' ↔ 직무 중분류 '측량·건설·시설점검' 명칭·업무 대응(초안 규칙),draft,
인프라관리,DJ-164,드론 풍력터빈 점검원,측량·건설·시설점검,분야 '인프라관리' ↔ 직무 중분류 '측량·건설·시설점검' 명칭·업무 대응(초안 규칙),draft,
인프라관리,DJ-165,드론 파이프라인 점검원,측량·건설·시설점검,분야 '인프라관리' ↔ 직무 중분류 '측량·건설·시설점검' 명칭·업무 대응(초안 규칙),draft,
인프라관리,DJ-166,드론 하천·댐 시설 조사원,측량·건설·시설점검,분야 '인프라관리' ↔ 직무 중분류 '측량·건설·시설점검' 명칭·업무 대응(초안 규칙),draft,
인프라관리,DJ-167,드론 상하수도·맨홀 점검원,측량·건설·시설점검,분야 '인프라관리' ↔ 직무 중분류 '측량·건설·시설점검' 명칭·업무 대응(초안 규칙),draft,
인프라관리,DJ-168,드론 광산·토공량 측정 전문가,측량·건설·시설점검,분야 '인프라관리' ↔ 직무 중분류 '측량·건설·시설점검' 명칭·업무 대응(초안 규칙),draft,
인프라관리,DJ-169,드론 문화유산 조사·보존 기록가,측량·건설·시설점검,분야 '인프라관리' ↔ 직무 중분류 '측량·건설·시설점검' 명칭·업무 대응(초안 규칙),draft,
특수촬영,DJ-095,드론 파일럿,조종·운항,분야 '특수촬영' ↔ 직무 중분류 '조종·운항' 명칭·업무 대응(초안 규칙),draft,
특수촬영,DJ-096,멀티콥터 드론 조종자,조종·운항,분야 '특수촬영' ↔ 직무 중분류 '조종·운항' 명칭·업무 대응(초안 규칙),draft,
특수촬영,DJ-097,무인비행기 조종자,조종·운항,분야 '특수촬영' ↔ 직무 중분류 '조종·운항' 명칭·업무 대응(초안 규칙),draft,
특수촬영,DJ-098,무인헬리콥터 조종자,조종·운항,분야 '특수촬영' ↔ 직무 중분류 '조종·운항' 명칭·업무 대응(초안 규칙),draft,
특수촬영,DJ-099,VTOL 무인기 조종자,조종·운항,분야 '특수촬영' ↔ 직무 중분류 '조종·운항' 명칭·업무 대응(초안 규칙),draft,
특수촬영,DJ-100,FPV 드론 조종자,조종·운항,분야 '특수촬영' ↔ 직무 중분류 '조종·운항' 명칭·업무 대응(초안 규칙),draft,
특수촬영,DJ-101,장거리·비가시권 드론 조종자,조종·운항,분야 '특수촬영' ↔ 직무 중분류 '조종·운항' 명칭·업무 대응(초안 규칙),draft,
특수촬영,DJ-102,드론 임무계획 담당자,조종·운항,분야 '특수촬영' ↔ 직무 중분류 '조종·운항' 명칭·업무 대응(초안 규칙),draft,
특수촬영,DJ-103,드론 운항관리자,조종·운항,분야 '특수촬영' ↔ 직무 중분류 '조종·운항' 명칭·업무 대응(초안 규칙),draft,
특수촬영,DJ-104,드론 배차·운항통제 담당자,조종·운항,분야 '특수촬영' ↔ 직무 중분류 '조종·운항' 명칭·업무 대응(초안 규칙),draft,
특수촬영,DJ-105,드론 지상통제소 운용자,조종·운항,분야 '특수촬영' ↔ 직무 중분류 '조종·운항' 명칭·업무 대응(초안 규칙),draft,
특수촬영,DJ-106,드론 페이로드 운용자,조종·운항,분야 '특수촬영' ↔ 직무 중분류 '조종·운항' 명칭·업무 대응(초안 규칙),draft,
특수촬영,DJ-107,드론 시각관찰자,조종·운항,분야 '특수촬영' ↔ 직무 중분류 '조종·운항' 명칭·업무 대응(초안 규칙),draft,
특수촬영,DJ-108,드론 플릿 관제사,조종·운항,분야 '특수촬영' ↔ 직무 중분류 '조종·운항' 명칭·업무 대응(초안 규칙),draft,
특수촬영,DJ-131,드론 항공사진 촬영가,촬영·콘텐츠·스포츠,분야 '특수촬영' ↔ 직무 중분류 '촬영·콘텐츠·스포츠' 명칭·업무 대응(초안 규칙),draft,
특수촬영,DJ-132,드론 영상촬영 감독,촬영·콘텐츠·스포츠,분야 '특수촬영' ↔ 직무 중분류 '촬영·콘텐츠·스포츠' 명칭·업무 대응(초안 규칙),draft,
특수촬영,DJ-133,드론 방송중계 운용자,촬영·콘텐츠·스포츠,분야 '특수촬영' ↔ 직무 중분류 '촬영·콘텐츠·스포츠' 명칭·업무 대응(초안 규칙),draft,
특수촬영,DJ-134,FPV 드론 촬영가,촬영·콘텐츠·스포츠,분야 '특수촬영' ↔ 직무 중분류 '촬영·콘텐츠·스포츠' 명칭·업무 대응(초안 규칙),draft,
특수촬영,DJ-135,드론 360·VR 콘텐츠 제작자,촬영·콘텐츠·스포츠,분야 '특수촬영' ↔ 직무 중분류 '촬영·콘텐츠·스포츠' 명칭·업무 대응(초안 규칙),draft,
특수촬영,DJ-136,드론 라이트쇼 디자이너,촬영·콘텐츠·스포츠,분야 '특수촬영' ↔ 직무 중분류 '촬영·콘텐츠·스포츠' 명칭·업무 대응(초안 규칙),draft,
특수촬영,DJ-137,드론쇼 군집운항 감독,촬영·콘텐츠·스포츠,분야 '특수촬영' ↔ 직무 중분류 '촬영·콘텐츠·스포츠' 명칭·업무 대응(초안 규칙),draft,
특수촬영,DJ-138,드론쇼 현장 기술자,촬영·콘텐츠·스포츠,분야 '특수촬영' ↔ 직무 중분류 '촬영·콘텐츠·스포츠' 명칭·업무 대응(초안 규칙),draft,
특수촬영,DJ-139,드론축구 선수,촬영·콘텐츠·스포츠,분야 '특수촬영' ↔ 직무 중분류 '촬영·콘텐츠·스포츠' 명칭·업무 대응(초안 규칙),draft,
특수촬영,DJ-140,드론축구 지도자,촬영·콘텐츠·스포츠,분야 '특수촬영' ↔ 직무 중분류 '촬영·콘텐츠·스포츠' 명칭·업무 대응(초안 규칙),draft,
특수촬영,DJ-141,드론레이싱 선수,촬영·콘텐츠·스포츠,분야 '특수촬영' ↔ 직무 중분류 '촬영·콘텐츠·스포츠' 명칭·업무 대응(초안 규칙),draft,
공간정보,DJ-082,드론 교통관리(UTM) 시스템 개발자,플랫폼·데이터,분야 '공간정보' ↔ 직무 중분류 '플랫폼·데이터' 명칭·업무 대응(초안 규칙),draft,
공간정보,DJ-083,드론 통합관제 플랫폼 개발자,플랫폼·데이터,분야 '공간정보' ↔ 직무 중분류 '플랫폼·데이터' 명칭·업무 대응(초안 규칙),draft,
공간정보,DJ-084,드론 플릿관리 소프트웨어 개발자,플랫폼·데이터,분야 '공간정보' ↔ 직무 중분류 '플랫폼·데이터' 명칭·업무 대응(초안 규칙),draft,
공간정보,DJ-085,드론 클라우드 백엔드 개발자,플랫폼·데이터,분야 '공간정보' ↔ 직무 중분류 '플랫폼·데이터' 명칭·업무 대응(초안 규칙),draft,
공간정보,DJ-086,드론 모바일 앱 개발자,플랫폼·데이터,분야 '공간정보' ↔ 직무 중분류 '플랫폼·데이터' 명칭·업무 대응(초안 규칙),draft,
공간정보,DJ-087,드론 GIS 소프트웨어 개발자,플랫폼·데이터,분야 '공간정보' ↔ 직무 중분류 '플랫폼·데이터' 명칭·업무 대응(초안 규칙),draft,
공간정보,DJ-088,드론 사진측량 소프트웨어 엔지니어,플랫폼·데이터,분야 '공간정보' ↔ 직무 중분류 '플랫폼·데이터' 명칭·업무 대응(초안 규칙),draft,
공간정보,DJ-089,드론 3D 공간정보 구축 전문가,플랫폼·데이터,분야 '공간정보' ↔ 직무 중분류 '플랫폼·데이터' 명칭·업무 대응(초안 규칙),draft,
공간정보,DJ-090,드론 비행데이터 분석가,플랫폼·데이터,분야 '공간정보' ↔ 직무 중분류 '플랫폼·데이터' 명칭·업무 대응(초안 규칙),draft,
공간정보,DJ-091,드론 영상데이터 후처리 담당자,플랫폼·데이터,분야 '공간정보' ↔ 직무 중분류 '플랫폼·데이터' 명칭·업무 대응(초안 규칙),draft,
공간정보,DJ-092,드론 데이터 라벨링·품질관리자,플랫폼·데이터,분야 '공간정보' ↔ 직무 중분류 '플랫폼·데이터' 명칭·업무 대응(초안 규칙),draft,
공간정보,DJ-093,드론 MLOps 엔지니어,플랫폼·데이터,분야 '공간정보' ↔ 직무 중분류 '플랫폼·데이터' 명칭·업무 대응(초안 규칙),draft,
공간정보,DJ-094,드론 사이버보안 엔지니어,플랫폼·데이터,분야 '공간정보' ↔ 직무 중분류 '플랫폼·데이터' 명칭·업무 대응(초안 규칙),draft,
공간정보,DJ-154,드론 측량 현장기술자,측량·건설·시설점검,분야 '공간정보' ↔ 직무 중분류 '측량·건설·시설점검' 명칭·업무 대응(초안 규칙),draft,
공간정보,DJ-155,드론 사진측량사,측량·건설·시설점검,분야 '공간정보' ↔ 직무 중분류 '측량·건설·시설점검' 명칭·업무 대응(초안 규칙),draft,
공간정보,DJ-156,드론 LiDAR 측량 기술자,측량·건설·시설점검,분야 '공간정보' ↔ 직무 중분류 '측량·건설·시설점검' 명칭·업무 대응(초안 규칙),draft,
공간정보,DJ-157,드론 지적·토지 조사원,측량·건설·시설점검,분야 '공간정보' ↔ 직무 중분류 '측량·건설·시설점검' 명칭·업무 대응(초안 규칙),draft,
공간정보,DJ-158,드론 건설공정 관리자,측량·건설·시설점검,분야 '공간정보' ↔ 직무 중분류 '측량·건설·시설점검' 명칭·업무 대응(초안 규칙),draft,
공간정보,DJ-159,드론 건축물 안전점검원,측량·건설·시설점검,분야 '공간정보' ↔ 직무 중분류 '측량·건설·시설점검' 명칭·업무 대응(초안 규칙),draft,
공간정보,DJ-160,드론 교량·터널 점검원,측량·건설·시설점검,분야 '공간정보' ↔ 직무 중분류 '측량·건설·시설점검' 명칭·업무 대응(초안 규칙),draft,
공간정보,DJ-161,드론 도로·철도 점검원,측량·건설·시설점검,분야 '공간정보' ↔ 직무 중분류 '측량·건설·시설점검' 명칭·업무 대응(초안 규칙),draft,
공간정보,DJ-162,드론 전력선·송전탑 점검원,측량·건설·시설점검,분야 '공간정보' ↔ 직무 중분류 '측량·건설·시설점검' 명칭·업무 대응(초안 규칙),draft,
공간정보,DJ-163,드론 태양광 설비 점검원,측량·건설·시설점검,분야 '공간정보' ↔ 직무 중분류 '측량·건설·시설점검' 명칭·업무 대응(초안 규칙),draft,
공간정보,DJ-164,드론 풍력터빈 점검원,측량·건설·시설점검,분야 '공간정보' ↔ 직무 중분류 '측량·건설·시설점검' 명칭·업무 대응(초안 규칙),draft,
공간정보,DJ-165,드론 파이프라인 점검원,측량·건설·시설점검,분야 '공간정보' ↔ 직무 중분류 '측량·건설·시설점검' 명칭·업무 대응(초안 규칙),draft,
공간정보,DJ-166,드론 하천·댐 시설 조사원,측량·건설·시설점검,분야 '공간정보' ↔ 직무 중분류 '측량·건설·시설점검' 명칭·업무 대응(초안 규칙),draft,
공간정보,DJ-167,드론 상하수도·맨홀 점검원,측량·건설·시설점검,분야 '공간정보' ↔ 직무 중분류 '측량·건설·시설점검' 명칭·업무 대응(초안 규칙),draft,
공간정보,DJ-168,드론 광산·토공량 측정 전문가,측량·건설·시설점검,분야 '공간정보' ↔ 직무 중분류 '측량·건설·시설점검' 명칭·업무 대응(초안 규칙),draft,
공간정보,DJ-169,드론 문화유산 조사·보존 기록가,측량·건설·시설점검,분야 '공간정보' ↔ 직무 중분류 '측량·건설·시설점검' 명칭·업무 대응(초안 규칙),draft,
물류·운송·구조,DJ-095,드론 파일럿,조종·운항,분야 '물류·운송·구조' ↔ 직무 중분류 '조종·운항' 명칭·업무 대응(초안 규칙),draft,
물류·운송·구조,DJ-096,멀티콥터 드론 조종자,조종·운항,분야 '물류·운송·구조' ↔ 직무 중분류 '조종·운항' 명칭·업무 대응(초안 규칙),draft,
물류·운송·구조,DJ-097,무인비행기 조종자,조종·운항,분야 '물류·운송·구조' ↔ 직무 중분류 '조종·운항' 명칭·업무 대응(초안 규칙),draft,
물류·운송·구조,DJ-098,무인헬리콥터 조종자,조종·운항,분야 '물류·운송·구조' ↔ 직무 중분류 '조종·운항' 명칭·업무 대응(초안 규칙),draft,
물류·운송·구조,DJ-099,VTOL 무인기 조종자,조종·운항,분야 '물류·운송·구조' ↔ 직무 중분류 '조종·운항' 명칭·업무 대응(초안 규칙),draft,
물류·운송·구조,DJ-100,FPV 드론 조종자,조종·운항,분야 '물류·운송·구조' ↔ 직무 중분류 '조종·운항' 명칭·업무 대응(초안 규칙),draft,
물류·운송·구조,DJ-101,장거리·비가시권 드론 조종자,조종·운항,분야 '물류·운송·구조' ↔ 직무 중분류 '조종·운항' 명칭·업무 대응(초안 규칙),draft,
물류·운송·구조,DJ-102,드론 임무계획 담당자,조종·운항,분야 '물류·운송·구조' ↔ 직무 중분류 '조종·운항' 명칭·업무 대응(초안 규칙),draft,
물류·운송·구조,DJ-103,드론 운항관리자,조종·운항,분야 '물류·운송·구조' ↔ 직무 중분류 '조종·운항' 명칭·업무 대응(초안 규칙),draft,
물류·운송·구조,DJ-104,드론 배차·운항통제 담당자,조종·운항,분야 '물류·운송·구조' ↔ 직무 중분류 '조종·운항' 명칭·업무 대응(초안 규칙),draft,
물류·운송·구조,DJ-105,드론 지상통제소 운용자,조종·운항,분야 '물류·운송·구조' ↔ 직무 중분류 '조종·운항' 명칭·업무 대응(초안 규칙),draft,
물류·운송·구조,DJ-106,드론 페이로드 운용자,조종·운항,분야 '물류·운송·구조' ↔ 직무 중분류 '조종·운항' 명칭·업무 대응(초안 규칙),draft,
물류·운송·구조,DJ-107,드론 시각관찰자,조종·운항,분야 '물류·운송·구조' ↔ 직무 중분류 '조종·운항' 명칭·업무 대응(초안 규칙),draft,
물류·운송·구조,DJ-108,드론 플릿 관제사,조종·운항,분야 '물류·운송·구조' ↔ 직무 중분류 '조종·운항' 명칭·업무 대응(초안 규칙),draft,
물류·운송·구조,DJ-170,재난현장 드론 운용요원,재난·치안·해양·물류,분야 '물류·운송·구조' ↔ 직무 중분류 '재난·치안·해양·물류' 명칭·업무 대응(초안 규칙),draft,
물류·운송·구조,DJ-171,드론 수색구조 요원,재난·치안·해양·물류,분야 '물류·운송·구조' ↔ 직무 중분류 '재난·치안·해양·물류' 명칭·업무 대응(초안 규칙),draft,
물류·운송·구조,DJ-172,소방 드론 운용요원,재난·치안·해양·물류,분야 '물류·운송·구조' ↔ 직무 중분류 '재난·치안·해양·물류' 명칭·업무 대응(초안 규칙),draft,
물류·운송·구조,DJ-173,경찰 드론 순찰·수사 지원요원,재난·치안·해양·물류,분야 '물류·운송·구조' ↔ 직무 중분류 '재난·치안·해양·물류' 명칭·업무 대응(초안 규칙),draft,
물류·운송·구조,DJ-174,교정시설 드론 순찰요원,재난·치안·해양·물류,분야 '물류·운송·구조' ↔ 직무 중분류 '재난·치안·해양·물류' 명칭·업무 대응(초안 규칙),draft,
물류·운송·구조,DJ-175,세관·국경감시 드론 운용요원,재난·치안·해양·물류,분야 '물류·운송·구조' ↔ 직무 중분류 '재난·치안·해양·물류' 명칭·업무 대응(초안 규칙),draft,
물류·운송·구조,DJ-176,군 무인기 정찰·감시 운용요원,재난·치안·해양·물류,분야 '물류·운송·구조' ↔ 직무 중분류 '재난·치안·해양·물류' 명칭·업무 대응(초안 규칙),draft,
물류·운송·구조,DJ-177,대드론 탐지시스템 운용자,재난·치안·해양·물류,분야 '물류·운송·구조' ↔ 직무 중분류 '재난·치안·해양·물류' 명칭·업무 대응(초안 규칙),draft,
물류·운송·구조,DJ-178,대드론 대응체계 엔지니어,재난·치안·해양·물류,분야 '물류·운송·구조' ↔ 직무 중분류 '재난·치안·해양·물류' 명칭·업무 대응(초안 규칙),draft,
물류·운송·구조,DJ-179,해양 드론 안전감시원,재난·치안·해양·물류,분야 '물류·운송·구조' ↔ 직무 중분류 '재난·치안·해양·물류' 명칭·업무 대응(초안 규칙),draft,
물류·운송·구조,DJ-180,드론 해양오염 조사원,재난·치안·해양·물류,분야 '물류·운송·구조' ↔ 직무 중분류 '재난·치안·해양·물류' 명칭·업무 대응(초안 규칙),draft,
물류·운송·구조,DJ-181,드론 기상관측 운용자,재난·치안·해양·물류,분야 '물류·운송·구조' ↔ 직무 중분류 '재난·치안·해양·물류' 명칭·업무 대응(초안 규칙),draft,
물류·운송·구조,DJ-182,드론 배송 조종·관제 담당자,재난·치안·해양·물류,분야 '물류·운송·구조' ↔ 직무 중분류 '재난·치안·해양·물류' 명칭·업무 대응(초안 규칙),draft,
물류·운송·구조,DJ-183,드론 의료물류 운용자,재난·치안·해양·물류,분야 '물류·운송·구조' ↔ 직무 중분류 '재난·치안·해양·물류' 명칭·업무 대응(초안 규칙),draft,
물류·운송·구조,DJ-184,드론 스테이션 운영자,재난·치안·해양·물류,분야 '물류·운송·구조' ↔ 직무 중분류 '재난·치안·해양·물류' 명칭·업무 대응(초안 규칙),draft,
물류·운송·구조,DJ-185,드론 창고재고 조사원,재난·치안·해양·물류,분야 '물류·운송·구조' ↔ 직무 중분류 '재난·치안·해양·물류' 명칭·업무 대응(초안 규칙),draft,
물류·운송·구조,DJ-186,드론 보험손해 조사원,재난·치안·해양·물류,분야 '물류·운송·구조' ↔ 직무 중분류 '재난·치안·해양·물류' 명칭·업무 대응(초안 규칙),draft,
방역/방제/살포,DJ-095,드론 파일럿,조종·운항,분야 '방역/방제/살포' ↔ 직무 중분류 '조종·운항' 명칭·업무 대응(초안 규칙),draft,
방역/방제/살포,DJ-096,멀티콥터 드론 조종자,조종·운항,분야 '방역/방제/살포' ↔ 직무 중분류 '조종·운항' 명칭·업무 대응(초안 규칙),draft,
방역/방제/살포,DJ-097,무인비행기 조종자,조종·운항,분야 '방역/방제/살포' ↔ 직무 중분류 '조종·운항' 명칭·업무 대응(초안 규칙),draft,
방역/방제/살포,DJ-098,무인헬리콥터 조종자,조종·운항,분야 '방역/방제/살포' ↔ 직무 중분류 '조종·운항' 명칭·업무 대응(초안 규칙),draft,
방역/방제/살포,DJ-099,VTOL 무인기 조종자,조종·운항,분야 '방역/방제/살포' ↔ 직무 중분류 '조종·운항' 명칭·업무 대응(초안 규칙),draft,
방역/방제/살포,DJ-100,FPV 드론 조종자,조종·운항,분야 '방역/방제/살포' ↔ 직무 중분류 '조종·운항' 명칭·업무 대응(초안 규칙),draft,
방역/방제/살포,DJ-101,장거리·비가시권 드론 조종자,조종·운항,분야 '방역/방제/살포' ↔ 직무 중분류 '조종·운항' 명칭·업무 대응(초안 규칙),draft,
방역/방제/살포,DJ-102,드론 임무계획 담당자,조종·운항,분야 '방역/방제/살포' ↔ 직무 중분류 '조종·운항' 명칭·업무 대응(초안 규칙),draft,
방역/방제/살포,DJ-103,드론 운항관리자,조종·운항,분야 '방역/방제/살포' ↔ 직무 중분류 '조종·운항' 명칭·업무 대응(초안 규칙),draft,
방역/방제/살포,DJ-104,드론 배차·운항통제 담당자,조종·운항,분야 '방역/방제/살포' ↔ 직무 중분류 '조종·운항' 명칭·업무 대응(초안 규칙),draft,
방역/방제/살포,DJ-105,드론 지상통제소 운용자,조종·운항,분야 '방역/방제/살포' ↔ 직무 중분류 '조종·운항' 명칭·업무 대응(초안 규칙),draft,
방역/방제/살포,DJ-106,드론 페이로드 운용자,조종·운항,분야 '방역/방제/살포' ↔ 직무 중분류 '조종·운항' 명칭·업무 대응(초안 규칙),draft,
방역/방제/살포,DJ-107,드론 시각관찰자,조종·운항,분야 '방역/방제/살포' ↔ 직무 중분류 '조종·운항' 명칭·업무 대응(초안 규칙),draft,
방역/방제/살포,DJ-108,드론 플릿 관제사,조종·운항,분야 '방역/방제/살포' ↔ 직무 중분류 '조종·운항' 명칭·업무 대응(초안 규칙),draft,
방역/방제/살포,DJ-142,농업드론 방제사,농림·환경,분야 '방역/방제/살포' ↔ 직무 중분류 '농림·환경' 명칭·업무 대응(초안 규칙),draft,
방역/방제/살포,DJ-143,농업드론 파종·시비 작업자,농림·환경,분야 '방역/방제/살포' ↔ 직무 중분류 '농림·환경' 명칭·업무 대응(초안 규칙),draft,
방역/방제/살포,DJ-144,드론 인공수분 작업자,농림·환경,분야 '방역/방제/살포' ↔ 직무 중분류 '농림·환경' 명칭·업무 대응(초안 규칙),draft,
방역/방제/살포,DJ-145,드론 작황·생육 조사원,농림·환경,분야 '방역/방제/살포' ↔ 직무 중분류 '농림·환경' 명칭·업무 대응(초안 규칙),draft,
방역/방제/살포,DJ-146,드론 정밀농업 분석가,농림·환경,분야 '방역/방제/살포' ↔ 직무 중분류 '농림·환경' 명칭·업무 대응(초안 규칙),draft,
방역/방제/살포,DJ-147,드론 축산·가축 모니터링 담당자,농림·환경,분야 '방역/방제/살포' ↔ 직무 중분류 '농림·환경' 명칭·업무 대응(초안 규칙),draft,
방역/방제/살포,DJ-148,드론 산림조사원,농림·환경,분야 '방역/방제/살포' ↔ 직무 중분류 '농림·환경' 명칭·업무 대응(초안 규칙),draft,
방역/방제/살포,DJ-149,드론 산림병해충 예찰원,농림·환경,분야 '방역/방제/살포' ↔ 직무 중분류 '농림·환경' 명칭·업무 대응(초안 규칙),draft,
방역/방제/살포,DJ-150,드론 산불감시·진화지원 요원,농림·환경,분야 '방역/방제/살포' ↔ 직무 중분류 '농림·환경' 명칭·업무 대응(초안 규칙),draft,
방역/방제/살포,DJ-151,드론 환경모니터링 조사원,농림·환경,분야 '방역/방제/살포' ↔ 직무 중분류 '농림·환경' 명칭·업무 대응(초안 규칙),draft,
방역/방제/살포,DJ-152,드론 대기오염·배출원 감시원,농림·환경,분야 '방역/방제/살포' ↔ 직무 중분류 '농림·환경' 명칭·업무 대응(초안 규칙),draft,
방역/방제/살포,DJ-153,드론 야생동물·생태 조사원,농림·환경,분야 '방역/방제/살포' ↔ 직무 중분류 '농림·환경' 명칭·업무 대응(초안 규칙),draft,
임무장비,DJ-062,드론 임무컴퓨터 개발자,센서·임무장비,분야 '임무장비' ↔ 직무 중분류 '센서·임무장비' 명칭·업무 대응(초안 규칙),draft,
임무장비,DJ-063,드론 EO/IR 짐벌 엔지니어,센서·임무장비,분야 '임무장비' ↔ 직무 중분류 '센서·임무장비' 명칭·업무 대응(초안 규칙),draft,
임무장비,DJ-064,드론 LiDAR 탑재체 엔지니어,센서·임무장비,분야 '임무장비' ↔ 직무 중분류 '센서·임무장비' 명칭·업무 대응(초안 규칙),draft,
임무장비,DJ-065,드론 레이더 탑재체 엔지니어,센서·임무장비,분야 '임무장비' ↔ 직무 중분류 '센서·임무장비' 명칭·업무 대응(초안 규칙),draft,
임무장비,DJ-066,드론 멀티스펙트럴 센서 엔지니어,센서·임무장비,분야 '임무장비' ↔ 직무 중분류 '센서·임무장비' 명칭·업무 대응(초안 규칙),draft,
임무장비,DJ-067,드론 임무장비 통합 엔지니어,센서·임무장비,분야 '임무장비' ↔ 직무 중분류 '센서·임무장비' 명칭·업무 대응(초안 규칙),draft,
임무장비,DJ-068,드론 EMC·EMI 시험 엔지니어,센서·임무장비,분야 '임무장비' ↔ 직무 중분류 '센서·임무장비' 명칭·업무 대응(초안 규칙),draft,
임무장비,DJ-069,드론 환경·내구 시험 엔지니어,센서·임무장비,분야 '임무장비' ↔ 직무 중분류 '센서·임무장비' 명칭·업무 대응(초안 규칙),draft,
통합솔루션,DJ-001,무인항공시스템 체계종합 엔지니어,기획·통합·사업,분야 '통합솔루션' ↔ 직무 중분류 '기획·통합·사업' 명칭·업무 대응(초안 규칙),draft,
통합솔루션,DJ-002,드론 시스템 아키텍트,기획·통합·사업,분야 '통합솔루션' ↔ 직무 중분류 '기획·통합·사업' 명칭·업무 대응(초안 규칙),draft,
통합솔루션,DJ-003,드론 임무·운용개념 분석가,기획·통합·사업,분야 '통합솔루션' ↔ 직무 중분류 '기획·통합·사업' 명칭·업무 대응(초안 규칙),draft,
통합솔루션,DJ-004,드론 제품기획자,기획·통합·사업,분야 '통합솔루션' ↔ 직무 중분류 '기획·통합·사업' 명칭·업무 대응(초안 규칙),draft,
통합솔루션,DJ-005,드론 서비스기획자,기획·통합·사업,분야 '통합솔루션' ↔ 직무 중분류 '기획·통합·사업' 명칭·업무 대응(초안 규칙),draft,
통합솔루션,DJ-006,드론 연구개발 프로젝트 매니저,기획·통합·사업,분야 '통합솔루션' ↔ 직무 중분류 '기획·통합·사업' 명칭·업무 대응(초안 규칙),draft,
통합솔루션,DJ-007,드론 구축 프로젝트 매니저,기획·통합·사업,분야 '통합솔루션' ↔ 직무 중분류 '기획·통합·사업' 명칭·업무 대응(초안 규칙),draft,
통합솔루션,DJ-008,드론 사업개발 담당자,기획·통합·사업,분야 '통합솔루션' ↔ 직무 중분류 '기획·통합·사업' 명칭·업무 대응(초안 규칙),draft,
통합솔루션,DJ-009,드론 부품 기술영업 담당자,기획·통합·사업,분야 '통합솔루션' ↔ 직무 중분류 '기획·통합·사업' 명칭·업무 대응(초안 규칙),draft,
통합솔루션,DJ-010,드론 조달·공급망 담당자,기획·통합·사업,분야 '통합솔루션' ↔ 직무 중분류 '기획·통합·사업' 명칭·업무 대응(초안 규칙),draft,
통합솔루션,DJ-082,드론 교통관리(UTM) 시스템 개발자,플랫폼·데이터,분야 '통합솔루션' ↔ 직무 중분류 '플랫폼·데이터' 명칭·업무 대응(초안 규칙),draft,
통합솔루션,DJ-083,드론 통합관제 플랫폼 개발자,플랫폼·데이터,분야 '통합솔루션' ↔ 직무 중분류 '플랫폼·데이터' 명칭·업무 대응(초안 규칙),draft,
통합솔루션,DJ-084,드론 플릿관리 소프트웨어 개발자,플랫폼·데이터,분야 '통합솔루션' ↔ 직무 중분류 '플랫폼·데이터' 명칭·업무 대응(초안 규칙),draft,
통합솔루션,DJ-085,드론 클라우드 백엔드 개발자,플랫폼·데이터,분야 '통합솔루션' ↔ 직무 중분류 '플랫폼·데이터' 명칭·업무 대응(초안 규칙),draft,
통합솔루션,DJ-086,드론 모바일 앱 개발자,플랫폼·데이터,분야 '통합솔루션' ↔ 직무 중분류 '플랫폼·데이터' 명칭·업무 대응(초안 규칙),draft,
통합솔루션,DJ-087,드론 GIS 소프트웨어 개발자,플랫폼·데이터,분야 '통합솔루션' ↔ 직무 중분류 '플랫폼·데이터' 명칭·업무 대응(초안 규칙),draft,
통합솔루션,DJ-088,드론 사진측량 소프트웨어 엔지니어,플랫폼·데이터,분야 '통합솔루션' ↔ 직무 중분류 '플랫폼·데이터' 명칭·업무 대응(초안 규칙),draft,
통합솔루션,DJ-089,드론 3D 공간정보 구축 전문가,플랫폼·데이터,분야 '통합솔루션' ↔ 직무 중분류 '플랫폼·데이터' 명칭·업무 대응(초안 규칙),draft,
통합솔루션,DJ-090,드론 비행데이터 분석가,플랫폼·데이터,분야 '통합솔루션' ↔ 직무 중분류 '플랫폼·데이터' 명칭·업무 대응(초안 규칙),draft,
통합솔루션,DJ-091,드론 영상데이터 후처리 담당자,플랫폼·데이터,분야 '통합솔루션' ↔ 직무 중분류 '플랫폼·데이터' 명칭·업무 대응(초안 규칙),draft,
통합솔루션,DJ-092,드론 데이터 라벨링·품질관리자,플랫폼·데이터,분야 '통합솔루션' ↔ 직무 중분류 '플랫폼·데이터' 명칭·업무 대응(초안 규칙),draft,
통합솔루션,DJ-093,드론 MLOps 엔지니어,플랫폼·데이터,분야 '통합솔루션' ↔ 직무 중분류 '플랫폼·데이터' 명칭·업무 대응(초안 규칙),draft,
통합솔루션,DJ-094,드론 사이버보안 엔지니어,플랫폼·데이터,분야 '통합솔루션' ↔ 직무 중분류 '플랫폼·데이터' 명칭·업무 대응(초안 규칙),draft,
취미·교육,DJ-131,드론 항공사진 촬영가,촬영·콘텐츠·스포츠,분야 '취미·교육' ↔ 직무 중분류 '촬영·콘텐츠·스포츠' 명칭·업무 대응(초안 규칙),draft,
취미·교육,DJ-132,드론 영상촬영 감독,촬영·콘텐츠·스포츠,분야 '취미·교육' ↔ 직무 중분류 '촬영·콘텐츠·스포츠' 명칭·업무 대응(초안 규칙),draft,
취미·교육,DJ-133,드론 방송중계 운용자,촬영·콘텐츠·스포츠,분야 '취미·교육' ↔ 직무 중분류 '촬영·콘텐츠·스포츠' 명칭·업무 대응(초안 규칙),draft,
취미·교육,DJ-134,FPV 드론 촬영가,촬영·콘텐츠·스포츠,분야 '취미·교육' ↔ 직무 중분류 '촬영·콘텐츠·스포츠' 명칭·업무 대응(초안 규칙),draft,
취미·교육,DJ-135,드론 360·VR 콘텐츠 제작자,촬영·콘텐츠·스포츠,분야 '취미·교육' ↔ 직무 중분류 '촬영·콘텐츠·스포츠' 명칭·업무 대응(초안 규칙),draft,
취미·교육,DJ-136,드론 라이트쇼 디자이너,촬영·콘텐츠·스포츠,분야 '취미·교육' ↔ 직무 중분류 '촬영·콘텐츠·스포츠' 명칭·업무 대응(초안 규칙),draft,
취미·교육,DJ-137,드론쇼 군집운항 감독,촬영·콘텐츠·스포츠,분야 '취미·교육' ↔ 직무 중분류 '촬영·콘텐츠·스포츠' 명칭·업무 대응(초안 규칙),draft,
취미·교육,DJ-138,드론쇼 현장 기술자,촬영·콘텐츠·스포츠,분야 '취미·교육' ↔ 직무 중분류 '촬영·콘텐츠·스포츠' 명칭·업무 대응(초안 규칙),draft,
취미·교육,DJ-139,드론축구 선수,촬영·콘텐츠·스포츠,분야 '취미·교육' ↔ 직무 중분류 '촬영·콘텐츠·스포츠' 명칭·업무 대응(초안 규칙),draft,
취미·교육,DJ-140,드론축구 지도자,촬영·콘텐츠·스포츠,분야 '취미·교육' ↔ 직무 중분류 '촬영·콘텐츠·스포츠' 명칭·업무 대응(초안 규칙),draft,
취미·교육,DJ-141,드론레이싱 선수,촬영·콘텐츠·스포츠,분야 '취미·교육' ↔ 직무 중분류 '촬영·콘텐츠·스포츠' 명칭·업무 대응(초안 규칙),draft,
취미·교육,DJ-187,드론 조종 교육강사,교육·연구,분야 '취미·교육' ↔ 직무 중분류 '교육·연구' 명칭·업무 대응(초안 규칙),draft,
취미·교육,DJ-188,드론 지도조종자,교육·연구,분야 '취미·교육' ↔ 직무 중분류 '교육·연구' 명칭·업무 대응(초안 규칙),draft,
취미·교육,DJ-189,드론 실기평가자,교육·연구,분야 '취미·교육' ↔ 직무 중분류 '교육·연구' 명칭·업무 대응(초안 규칙),draft,
취미·교육,DJ-190,드론 교관 법정교육 강사,교육·연구,분야 '취미·교육' ↔ 직무 중분류 '교육·연구' 명칭·업무 대응(초안 규칙),draft,
취미·교육,DJ-191,드론 교육과정 개발자,교육·연구,분야 '취미·교육' ↔ 직무 중분류 '교육·연구' 명칭·업무 대응(초안 규칙),draft,
취미·교육,DJ-192,드론 교육 콘텐츠 제작자,교육·연구,분야 '취미·교육' ↔ 직무 중분류 '교육·연구' 명칭·업무 대응(초안 규칙),draft,
취미·교육,DJ-193,드론 교육센터 운영관리자,교육·연구,분야 '취미·교육' ↔ 직무 중분류 '교육·연구' 명칭·업무 대응(초안 규칙),draft,
취미·교육,DJ-194,드론 정비교육 강사,교육·연구,분야 '취미·교육' ↔ 직무 중분류 '교육·연구' 명칭·업무 대응(초안 규칙),draft,
취미·교육,DJ-195,드론 소프트웨어 교육강사,교육·연구,분야 '취미·교육' ↔ 직무 중분류 '교육·연구' 명칭·업무 대응(초안 규칙),draft,
취미·교육,DJ-196,무인항공 연구원,교육·연구,분야 '취미·교육' ↔ 직무 중분류 '교육·연구' 명칭·업무 대응(초안 규칙),draft,
취미·교육,DJ-197,드론 대학 교수·강사,교육·연구,분야 '취미·교육' ↔ 직무 중분류 '교육·연구' 명칭·업무 대응(초안 규칙),draft,
환경측량,DJ-142,농업드론 방제사,농림·환경,분야 '환경측량' ↔ 직무 중분류 '농림·환경' 명칭·업무 대응(초안 규칙),draft,
환경측량,DJ-143,농업드론 파종·시비 작업자,농림·환경,분야 '환경측량' ↔ 직무 중분류 '농림·환경' 명칭·업무 대응(초안 규칙),draft,
환경측량,DJ-144,드론 인공수분 작업자,농림·환경,분야 '환경측량' ↔ 직무 중분류 '농림·환경' 명칭·업무 대응(초안 규칙),draft,
환경측량,DJ-145,드론 작황·생육 조사원,농림·환경,분야 '환경측량' ↔ 직무 중분류 '농림·환경' 명칭·업무 대응(초안 규칙),draft,
환경측량,DJ-146,드론 정밀농업 분석가,농림·환경,분야 '환경측량' ↔ 직무 중분류 '농림·환경' 명칭·업무 대응(초안 규칙),draft,
환경측량,DJ-147,드론 축산·가축 모니터링 담당자,농림·환경,분야 '환경측량' ↔ 직무 중분류 '농림·환경' 명칭·업무 대응(초안 규칙),draft,
환경측량,DJ-148,드론 산림조사원,농림·환경,분야 '환경측량' ↔ 직무 중분류 '농림·환경' 명칭·업무 대응(초안 규칙),draft,
환경측량,DJ-149,드론 산림병해충 예찰원,농림·환경,분야 '환경측량' ↔ 직무 중분류 '농림·환경' 명칭·업무 대응(초안 규칙),draft,
환경측량,DJ-150,드론 산불감시·진화지원 요원,농림·환경,분야 '환경측량' ↔ 직무 중분류 '농림·환경' 명칭·업무 대응(초안 규칙),draft,
환경측량,DJ-151,드론 환경모니터링 조사원,농림·환경,분야 '환경측량' ↔ 직무 중분류 '농림·환경' 명칭·업무 대응(초안 규칙),draft,
환경측량,DJ-152,드론 대기오염·배출원 감시원,농림·환경,분야 '환경측량' ↔ 직무 중분류 '농림·환경' 명칭·업무 대응(초안 규칙),draft,
환경측량,DJ-153,드론 야생동물·생태 조사원,농림·환경,분야 '환경측량' ↔ 직무 중분류 '농림·환경' 명칭·업무 대응(초안 규칙),draft,
환경측량,DJ-154,드론 측량 현장기술자,측량·건설·시설점검,분야 '환경측량' ↔ 직무 중분류 '측량·건설·시설점검' 명칭·업무 대응(초안 규칙),draft,
환경측량,DJ-155,드론 사진측량사,측량·건설·시설점검,분야 '환경측량' ↔ 직무 중분류 '측량·건설·시설점검' 명칭·업무 대응(초안 규칙),draft,
환경측량,DJ-156,드론 LiDAR 측량 기술자,측량·건설·시설점검,분야 '환경측량' ↔ 직무 중분류 '측량·건설·시설점검' 명칭·업무 대응(초안 규칙),draft,
환경측량,DJ-157,드론 지적·토지 조사원,측량·건설·시설점검,분야 '환경측량' ↔ 직무 중분류 '측량·건설·시설점검' 명칭·업무 대응(초안 규칙),draft,
환경측량,DJ-158,드론 건설공정 관리자,측량·건설·시설점검,분야 '환경측량' ↔ 직무 중분류 '측량·건설·시설점검' 명칭·업무 대응(초안 규칙),draft,
환경측량,DJ-159,드론 건축물 안전점검원,측량·건설·시설점검,분야 '환경측량' ↔ 직무 중분류 '측량·건설·시설점검' 명칭·업무 대응(초안 규칙),draft,
환경측량,DJ-160,드론 교량·터널 점검원,측량·건설·시설점검,분야 '환경측량' ↔ 직무 중분류 '측량·건설·시설점검' 명칭·업무 대응(초안 규칙),draft,
환경측량,DJ-161,드론 도로·철도 점검원,측량·건설·시설점검,분야 '환경측량' ↔ 직무 중분류 '측량·건설·시설점검' 명칭·업무 대응(초안 규칙),draft,
환경측량,DJ-162,드론 전력선·송전탑 점검원,측량·건설·시설점검,분야 '환경측량' ↔ 직무 중분류 '측량·건설·시설점검' 명칭·업무 대응(초안 규칙),draft,
환경측량,DJ-163,드론 태양광 설비 점검원,측량·건설·시설점검,분야 '환경측량' ↔ 직무 중분류 '측량·건설·시설점검' 명칭·업무 대응(초안 규칙),draft,
환경측량,DJ-164,드론 풍력터빈 점검원,측량·건설·시설점검,분야 '환경측량' ↔ 직무 중분류 '측량·건설·시설점검' 명칭·업무 대응(초안 규칙),draft,
환경측량,DJ-165,드론 파이프라인 점검원,측량·건설·시설점검,분야 '환경측량' ↔ 직무 중분류 '측량·건설·시설점검' 명칭·업무 대응(초안 규칙),draft,
환경측량,DJ-166,드론 하천·댐 시설 조사원,측량·건설·시설점검,분야 '환경측량' ↔ 직무 중분류 '측량·건설·시설점검' 명칭·업무 대응(초안 규칙),draft,
환경측량,DJ-167,드론 상하수도·맨홀 점검원,측량·건설·시설점검,분야 '환경측량' ↔ 직무 중분류 '측량·건설·시설점검' 명칭·업무 대응(초안 규칙),draft,
환경측량,DJ-168,드론 광산·토공량 측정 전문가,측량·건설·시설점검,분야 '환경측량' ↔ 직무 중분류 '측량·건설·시설점검' 명칭·업무 대응(초안 규칙),draft,
환경측량,DJ-169,드론 문화유산 조사·보존 기록가,측량·건설·시설점검,분야 '환경측량' ↔ 직무 중분류 '측량·건설·시설점검' 명칭·업무 대응(초안 규칙),draft,
다목적 H/W,DJ-011,드론 개념·형상설계 엔지니어,기체개발,분야 '다목적 H/W' ↔ 직무 중분류 '기체개발' 명칭·업무 대응(초안 규칙),draft,
다목적 H/W,DJ-012,드론 공력설계 엔지니어,기체개발,분야 '다목적 H/W' ↔ 직무 중분류 '기체개발' 명칭·업무 대응(초안 규칙),draft,
다목적 H/W,DJ-013,드론 성능해석 엔지니어,기체개발,분야 '다목적 H/W' ↔ 직무 중분류 '기체개발' 명칭·업무 대응(초안 규칙),draft,
다목적 H/W,DJ-014,드론 비행역학 엔지니어,기체개발,분야 '다목적 H/W' ↔ 직무 중분류 '기체개발' 명칭·업무 대응(초안 규칙),draft,
다목적 H/W,DJ-015,무인항공기 구조설계 엔지니어,기체개발,분야 '다목적 H/W' ↔ 직무 중분류 '기체개발' 명칭·업무 대응(초안 규칙),draft,
다목적 H/W,DJ-016,UAV 구조해석 엔지니어,기체개발,분야 '다목적 H/W' ↔ 직무 중분류 '기체개발' 명칭·업무 대응(초안 규칙),draft,
다목적 H/W,DJ-017,드론 기구설계 엔지니어,기체개발,분야 '다목적 H/W' ↔ 직무 중분류 '기체개발' 명칭·업무 대응(초안 규칙),draft,
다목적 H/W,DJ-018,멀티콥터 기체개발 엔지니어,기체개발,분야 '다목적 H/W' ↔ 직무 중분류 '기체개발' 명칭·업무 대응(초안 규칙),draft,
다목적 H/W,DJ-019,고정익 무인기 기체개발 엔지니어,기체개발,분야 '다목적 H/W' ↔ 직무 중분류 '기체개발' 명칭·업무 대응(초안 규칙),draft,
다목적 H/W,DJ-020,회전익 무인기 기체개발 엔지니어,기체개발,분야 '다목적 H/W' ↔ 직무 중분류 '기체개발' 명칭·업무 대응(초안 규칙),draft,
다목적 H/W,DJ-021,VTOL 무인기 기체개발 엔지니어,기체개발,분야 '다목적 H/W' ↔ 직무 중분류 '기체개발' 명칭·업무 대응(초안 규칙),draft,
다목적 H/W,DJ-022,무인비행선 개발 엔지니어,기체개발,분야 '다목적 H/W' ↔ 직무 중분류 '기체개발' 명칭·업무 대응(초안 규칙),draft,
다목적 H/W,DJ-023,드론 랜딩기어·전개기구 설계자,기체개발,분야 '다목적 H/W' ↔ 직무 중분류 '기체개발' 명칭·업무 대응(초안 규칙),draft,
다목적 H/W,DJ-024,드론 제작·통합 엔지니어,제조·생산,분야 '다목적 H/W' ↔ 직무 중분류 '제조·생산' 명칭·업무 대응(초안 규칙),draft,
다목적 H/W,DJ-025,산업용 드론 제작·운영 엔지니어,제조·생산,분야 '다목적 H/W' ↔ 직무 중분류 '제조·생산' 명칭·업무 대응(초안 규칙),draft,
다목적 H/W,DJ-026,드론 운용·제작 엔지니어,제조·생산,분야 '다목적 H/W' ↔ 직무 중분류 '제조·생산' 명칭·업무 대응(초안 규칙),draft,
다목적 H/W,DJ-027,드론 복합재 제작원,제조·생산,분야 '다목적 H/W' ↔ 직무 중분류 '제조·생산' 명칭·업무 대응(초안 규칙),draft,
다목적 H/W,DJ-028,드론 정밀가공 기술자,제조·생산,분야 '다목적 H/W' ↔ 직무 중분류 '제조·생산' 명칭·업무 대응(초안 규칙),draft,
다목적 H/W,DJ-029,드론 3D프린팅 시제품 기술자,제조·생산,분야 '다목적 H/W' ↔ 직무 중분류 '제조·생산' 명칭·업무 대응(초안 규칙),draft,
다목적 H/W,DJ-030,드론 생산기술 엔지니어,제조·생산,분야 '다목적 H/W' ↔ 직무 중분류 '제조·생산' 명칭·업무 대응(초안 규칙),draft,
다목적 H/W,DJ-031,드론 조립원,제조·생산,분야 '다목적 H/W' ↔ 직무 중분류 '제조·생산' 명칭·업무 대응(초안 규칙),draft,
다목적 H/W,DJ-032,드론 생산시험 기술자,제조·생산,분야 '다목적 H/W' ↔ 직무 중분류 '제조·생산' 명칭·업무 대응(초안 규칙),draft,
다목적 H/W,DJ-033,드론 자재·BOM 관리 담당자,제조·생산,분야 '다목적 H/W' ↔ 직무 중분류 '제조·생산' 명칭·업무 대응(초안 규칙),draft,
다목적 H/W,DJ-034,드론 품질검사원,제조·생산,분야 '다목적 H/W' ↔ 직무 중분류 '제조·생산' 명칭·업무 대응(초안 규칙),draft,
모듈,DJ-035,드론 추진시스템 통합 엔지니어,추진·에너지,분야 '모듈' ↔ 직무 중분류 '추진·에너지' 명칭·업무 대응(초안 규칙),draft,
모듈,DJ-036,드론 전기모터 개발 엔지니어,추진·에너지,분야 '모듈' ↔ 직무 중분류 '추진·에너지' 명칭·업무 대응(초안 규칙),draft,
모듈,DJ-037,드론 ESC 개발 엔지니어,추진·에너지,분야 '모듈' ↔ 직무 중분류 '추진·에너지' 명칭·업무 대응(초안 규칙),draft,
모듈,DJ-038,드론 프로펠러·로터 설계자,추진·에너지,분야 '모듈' ↔ 직무 중분류 '추진·에너지' 명칭·업무 대응(초안 규칙),draft,
모듈,DJ-039,드론 배터리팩 개발 엔지니어,추진·에너지,분야 '모듈' ↔ 직무 중분류 '추진·에너지' 명칭·업무 대응(초안 규칙),draft,
모듈,DJ-040,드론 BMS 개발 엔지니어,추진·에너지,분야 '모듈' ↔ 직무 중분류 '추진·에너지' 명칭·업무 대응(초안 규칙),draft,
모듈,DJ-041,수소드론 연료전지 시스템 엔지니어,추진·에너지,분야 '모듈' ↔ 직무 중분류 '추진·에너지' 명칭·업무 대응(초안 규칙),draft,
모듈,DJ-042,UAV 엔진 설계 엔지니어,추진·에너지,분야 '모듈' ↔ 직무 중분류 '추진·에너지' 명칭·업무 대응(초안 규칙),draft,
모듈,DJ-043,UAV 엔진 구조체 설계 엔지니어,추진·에너지,분야 '모듈' ↔ 직무 중분류 '추진·에너지' 명칭·업무 대응(초안 규칙),draft,
모듈,DJ-044,UAV 엔진 회전계 설계 엔지니어,추진·에너지,분야 '모듈' ↔ 직무 중분류 '추진·에너지' 명칭·업무 대응(초안 규칙),draft,
모듈,DJ-045,드론 연료공급계통 엔지니어,추진·에너지,분야 '모듈' ↔ 직무 중분류 '추진·에너지' 명칭·업무 대응(초안 규칙),draft,
모듈,DJ-046,드론 열관리 엔지니어,추진·에너지,분야 '모듈' ↔ 직무 중분류 '추진·에너지' 명칭·업무 대응(초안 규칙),draft,
모듈,DJ-047,드론 항전통합 엔지니어,항전·비행제어,분야 '모듈' ↔ 직무 중분류 '항전·비행제어' 명칭·업무 대응(초안 규칙),draft,
모듈,DJ-048,드론 비행제어 하드웨어 엔지니어,항전·비행제어,분야 '모듈' ↔ 직무 중분류 '항전·비행제어' 명칭·업무 대응(초안 규칙),draft,
모듈,DJ-049,드론 비행제어 알고리즘 엔지니어,항전·비행제어,분야 '모듈' ↔ 직무 중분류 '항전·비행제어' 명칭·업무 대응(초안 규칙),draft,
모듈,DJ-050,드론 임베디드 펌웨어 개발자,항전·비행제어,분야 '모듈' ↔ 직무 중분류 '항전·비행제어' 명칭·업무 대응(초안 규칙),draft,
모듈,DJ-051,드론 전장·배선 설계 엔지니어,항전·비행제어,분야 '모듈' ↔ 직무 중분류 '항전·비행제어' 명칭·업무 대응(초안 규칙),draft,
모듈,DJ-052,드론 GNSS 항법 엔지니어,항전·비행제어,분야 '모듈' ↔ 직무 중분류 '항전·비행제어' 명칭·업무 대응(초안 규칙),draft,
모듈,DJ-053,드론 INS·IMU 엔지니어,항전·비행제어,분야 '모듈' ↔ 직무 중분류 '항전·비행제어' 명칭·업무 대응(초안 규칙),draft,
모듈,DJ-054,드론 센서융합 엔지니어,항전·비행제어,분야 '모듈' ↔ 직무 중분류 '항전·비행제어' 명칭·업무 대응(초안 규칙),draft,
모듈,DJ-055,드론 RF 통신 엔지니어,통신·관제장비,분야 '모듈' ↔ 직무 중분류 '통신·관제장비' 명칭·업무 대응(초안 규칙),draft,
모듈,DJ-056,드론 데이터링크 엔지니어,통신·관제장비,분야 '모듈' ↔ 직무 중분류 '통신·관제장비' 명칭·업무 대응(초안 규칙),draft,
모듈,DJ-057,드론 안테나 엔지니어,통신·관제장비,분야 '모듈' ↔ 직무 중분류 '통신·관제장비' 명칭·업무 대응(초안 규칙),draft,
모듈,DJ-058,드론 지상통제장비 하드웨어 엔지니어,통신·관제장비,분야 '모듈' ↔ 직무 중분류 '통신·관제장비' 명칭·업무 대응(초안 규칙),draft,
모듈,DJ-059,드론 지상통제소 소프트웨어 개발자,통신·관제장비,분야 '모듈' ↔ 직무 중분류 '통신·관제장비' 명칭·업무 대응(초안 규칙),draft,
모듈,DJ-060,드론 C2 네트워크 엔지니어,통신·관제장비,분야 '모듈' ↔ 직무 중분류 '통신·관제장비' 명칭·업무 대응(초안 규칙),draft,
모듈,DJ-061,드론 원격식별 시스템 개발자,통신·관제장비,분야 '모듈' ↔ 직무 중분류 '통신·관제장비' 명칭·업무 대응(초안 규칙),draft,
지상통제장비,DJ-055,드론 RF 통신 엔지니어,통신·관제장비,분야 '지상통제장비' ↔ 직무 중분류 '통신·관제장비' 명칭·업무 대응(초안 규칙),draft,
지상통제장비,DJ-056,드론 데이터링크 엔지니어,통신·관제장비,분야 '지상통제장비' ↔ 직무 중분류 '통신·관제장비' 명칭·업무 대응(초안 규칙),draft,
지상통제장비,DJ-057,드론 안테나 엔지니어,통신·관제장비,분야 '지상통제장비' ↔ 직무 중분류 '통신·관제장비' 명칭·업무 대응(초안 규칙),draft,
지상통제장비,DJ-058,드론 지상통제장비 하드웨어 엔지니어,통신·관제장비,분야 '지상통제장비' ↔ 직무 중분류 '통신·관제장비' 명칭·업무 대응(초안 규칙),draft,
지상통제장비,DJ-059,드론 지상통제소 소프트웨어 개발자,통신·관제장비,분야 '지상통제장비' ↔ 직무 중분류 '통신·관제장비' 명칭·업무 대응(초안 규칙),draft,
지상통제장비,DJ-060,드론 C2 네트워크 엔지니어,통신·관제장비,분야 '지상통제장비' ↔ 직무 중분류 '통신·관제장비' 명칭·업무 대응(초안 규칙),draft,
지상통제장비,DJ-061,드론 원격식별 시스템 개발자,통신·관제장비,분야 '지상통제장비' ↔ 직무 중분류 '통신·관제장비' 명칭·업무 대응(초안 규칙),draft,
드론스테이션,DJ-055,드론 RF 통신 엔지니어,통신·관제장비,분야 '드론스테이션' ↔ 직무 중분류 '통신·관제장비' 명칭·업무 대응(초안 규칙),draft,
드론스테이션,DJ-056,드론 데이터링크 엔지니어,통신·관제장비,분야 '드론스테이션' ↔ 직무 중분류 '통신·관제장비' 명칭·업무 대응(초안 규칙),draft,
드론스테이션,DJ-057,드론 안테나 엔지니어,통신·관제장비,분야 '드론스테이션' ↔ 직무 중분류 '통신·관제장비' 명칭·업무 대응(초안 규칙),draft,
드론스테이션,DJ-058,드론 지상통제장비 하드웨어 엔지니어,통신·관제장비,분야 '드론스테이션' ↔ 직무 중분류 '통신·관제장비' 명칭·업무 대응(초안 규칙),draft,
드론스테이션,DJ-059,드론 지상통제소 소프트웨어 개발자,통신·관제장비,분야 '드론스테이션' ↔ 직무 중분류 '통신·관제장비' 명칭·업무 대응(초안 규칙),draft,
드론스테이션,DJ-060,드론 C2 네트워크 엔지니어,통신·관제장비,분야 '드론스테이션' ↔ 직무 중분류 '통신·관제장비' 명칭·업무 대응(초안 규칙),draft,
드론스테이션,DJ-061,드론 원격식별 시스템 개발자,통신·관제장비,분야 '드론스테이션' ↔ 직무 중분류 '통신·관제장비' 명칭·업무 대응(초안 규칙),draft,
드론스테이션,DJ-082,드론 교통관리(UTM) 시스템 개발자,플랫폼·데이터,분야 '드론스테이션' ↔ 직무 중분류 '플랫폼·데이터' 명칭·업무 대응(초안 규칙),draft,
드론스테이션,DJ-083,드론 통합관제 플랫폼 개발자,플랫폼·데이터,분야 '드론스테이션' ↔ 직무 중분류 '플랫폼·데이터' 명칭·업무 대응(초안 규칙),draft,
드론스테이션,DJ-084,드론 플릿관리 소프트웨어 개발자,플랫폼·데이터,분야 '드론스테이션' ↔ 직무 중분류 '플랫폼·데이터' 명칭·업무 대응(초안 규칙),draft,
드론스테이션,DJ-085,드론 클라우드 백엔드 개발자,플랫폼·데이터,분야 '드론스테이션' ↔ 직무 중분류 '플랫폼·데이터' 명칭·업무 대응(초안 규칙),draft,
드론스테이션,DJ-086,드론 모바일 앱 개발자,플랫폼·데이터,분야 '드론스테이션' ↔ 직무 중분류 '플랫폼·데이터' 명칭·업무 대응(초안 규칙),draft,
드론스테이션,DJ-087,드론 GIS 소프트웨어 개발자,플랫폼·데이터,분야 '드론스테이션' ↔ 직무 중분류 '플랫폼·데이터' 명칭·업무 대응(초안 규칙),draft,
드론스테이션,DJ-088,드론 사진측량 소프트웨어 엔지니어,플랫폼·데이터,분야 '드론스테이션' ↔ 직무 중분류 '플랫폼·데이터' 명칭·업무 대응(초안 규칙),draft,
드론스테이션,DJ-089,드론 3D 공간정보 구축 전문가,플랫폼·데이터,분야 '드론스테이션' ↔ 직무 중분류 '플랫폼·데이터' 명칭·업무 대응(초안 규칙),draft,
드론스테이션,DJ-090,드론 비행데이터 분석가,플랫폼·데이터,분야 '드론스테이션' ↔ 직무 중분류 '플랫폼·데이터' 명칭·업무 대응(초안 규칙),draft,
드론스테이션,DJ-091,드론 영상데이터 후처리 담당자,플랫폼·데이터,분야 '드론스테이션' ↔ 직무 중분류 '플랫폼·데이터' 명칭·업무 대응(초안 규칙),draft,
드론스테이션,DJ-092,드론 데이터 라벨링·품질관리자,플랫폼·데이터,분야 '드론스테이션' ↔ 직무 중분류 '플랫폼·데이터' 명칭·업무 대응(초안 규칙),draft,
드론스테이션,DJ-093,드론 MLOps 엔지니어,플랫폼·데이터,분야 '드론스테이션' ↔ 직무 중분류 '플랫폼·데이터' 명칭·업무 대응(초안 규칙),draft,
드론스테이션,DJ-094,드론 사이버보안 엔지니어,플랫폼·데이터,분야 '드론스테이션' ↔ 직무 중분류 '플랫폼·데이터' 명칭·업무 대응(초안 규칙),draft,
앱,DJ-070,드론 자율비행 소프트웨어 개발자,자율비행·AI,분야 '앱' ↔ 직무 중분류 '자율비행·AI' 명칭·업무 대응(초안 규칙),draft,
앱,DJ-071,드론 경로계획 알고리즘 개발자,자율비행·AI,분야 '앱' ↔ 직무 중분류 '자율비행·AI' 명칭·업무 대응(초안 규칙),draft,
앱,DJ-072,드론 장애물 탐지·회피 개발자,자율비행·AI,분야 '앱' ↔ 직무 중분류 '자율비행·AI' 명칭·업무 대응(초안 규칙),draft,
앱,DJ-073,드론 SLAM 엔지니어,자율비행·AI,분야 '앱' ↔ 직무 중분류 '자율비행·AI' 명칭·업무 대응(초안 규칙),draft,
앱,DJ-074,드론 컴퓨터비전 엔지니어,자율비행·AI,분야 '앱' ↔ 직무 중분류 '자율비행·AI' 명칭·업무 대응(초안 규칙),draft,
앱,DJ-075,드론 영상탐지·추적 AI 개발자,자율비행·AI,분야 '앱' ↔ 직무 중분류 '자율비행·AI' 명칭·업무 대응(초안 규칙),draft,
앱,DJ-076,드론 엣지AI 엔지니어,자율비행·AI,분야 '앱' ↔ 직무 중분류 '자율비행·AI' 명칭·업무 대응(초안 규칙),draft,
앱,DJ-077,드론 군집비행 알고리즘 개발자,자율비행·AI,분야 '앱' ↔ 직무 중분류 '자율비행·AI' 명칭·업무 대응(초안 규칙),draft,
앱,DJ-078,드론쇼 군집제어 소프트웨어 개발자,자율비행·AI,분야 '앱' ↔ 직무 중분류 '자율비행·AI' 명칭·업무 대응(초안 규칙),draft,
앱,DJ-079,드론 시뮬레이터 개발자,자율비행·AI,분야 '앱' ↔ 직무 중분류 '자율비행·AI' 명칭·업무 대응(초안 규칙),draft,
앱,DJ-080,드론 디지털트윈 엔지니어,자율비행·AI,분야 '앱' ↔ 직무 중분류 '자율비행·AI' 명칭·업무 대응(초안 규칙),draft,
앱,DJ-081,드론 SITL·HIL 검증 엔지니어,자율비행·AI,분야 '앱' ↔ 직무 중분류 '자율비행·AI' 명칭·업무 대응(초안 규칙),draft,
앱,DJ-082,드론 교통관리(UTM) 시스템 개발자,플랫폼·데이터,분야 '앱' ↔ 직무 중분류 '플랫폼·데이터' 명칭·업무 대응(초안 규칙),draft,
앱,DJ-083,드론 통합관제 플랫폼 개발자,플랫폼·데이터,분야 '앱' ↔ 직무 중분류 '플랫폼·데이터' 명칭·업무 대응(초안 규칙),draft,
앱,DJ-084,드론 플릿관리 소프트웨어 개발자,플랫폼·데이터,분야 '앱' ↔ 직무 중분류 '플랫폼·데이터' 명칭·업무 대응(초안 규칙),draft,
앱,DJ-085,드론 클라우드 백엔드 개발자,플랫폼·데이터,분야 '앱' ↔ 직무 중분류 '플랫폼·데이터' 명칭·업무 대응(초안 규칙),draft,
앱,DJ-086,드론 모바일 앱 개발자,플랫폼·데이터,분야 '앱' ↔ 직무 중분류 '플랫폼·데이터' 명칭·업무 대응(초안 규칙),draft,
앱,DJ-087,드론 GIS 소프트웨어 개발자,플랫폼·데이터,분야 '앱' ↔ 직무 중분류 '플랫폼·데이터' 명칭·업무 대응(초안 규칙),draft,
앱,DJ-088,드론 사진측량 소프트웨어 엔지니어,플랫폼·데이터,분야 '앱' ↔ 직무 중분류 '플랫폼·데이터' 명칭·업무 대응(초안 규칙),draft,
앱,DJ-089,드론 3D 공간정보 구축 전문가,플랫폼·데이터,분야 '앱' ↔ 직무 중분류 '플랫폼·데이터' 명칭·업무 대응(초안 규칙),draft,
앱,DJ-090,드론 비행데이터 분석가,플랫폼·데이터,분야 '앱' ↔ 직무 중분류 '플랫폼·데이터' 명칭·업무 대응(초안 규칙),draft,
앱,DJ-091,드론 영상데이터 후처리 담당자,플랫폼·데이터,분야 '앱' ↔ 직무 중분류 '플랫폼·데이터' 명칭·업무 대응(초안 규칙),draft,
앱,DJ-092,드론 데이터 라벨링·품질관리자,플랫폼·데이터,분야 '앱' ↔ 직무 중분류 '플랫폼·데이터' 명칭·업무 대응(초안 규칙),draft,
앱,DJ-093,드론 MLOps 엔지니어,플랫폼·데이터,분야 '앱' ↔ 직무 중분류 '플랫폼·데이터' 명칭·업무 대응(초안 규칙),draft,
앱,DJ-094,드론 사이버보안 엔지니어,플랫폼·데이터,분야 '앱' ↔ 직무 중분류 '플랫폼·데이터' 명칭·업무 대응(초안 규칙),draft,
방송·공연,DJ-131,드론 항공사진 촬영가,촬영·콘텐츠·스포츠,분야 '방송·공연' ↔ 직무 중분류 '촬영·콘텐츠·스포츠' 명칭·업무 대응(초안 규칙),draft,
방송·공연,DJ-132,드론 영상촬영 감독,촬영·콘텐츠·스포츠,분야 '방송·공연' ↔ 직무 중분류 '촬영·콘텐츠·스포츠' 명칭·업무 대응(초안 규칙),draft,
방송·공연,DJ-133,드론 방송중계 운용자,촬영·콘텐츠·스포츠,분야 '방송·공연' ↔ 직무 중분류 '촬영·콘텐츠·스포츠' 명칭·업무 대응(초안 규칙),draft,
방송·공연,DJ-134,FPV 드론 촬영가,촬영·콘텐츠·스포츠,분야 '방송·공연' ↔ 직무 중분류 '촬영·콘텐츠·스포츠' 명칭·업무 대응(초안 규칙),draft,
방송·공연,DJ-135,드론 360·VR 콘텐츠 제작자,촬영·콘텐츠·스포츠,분야 '방송·공연' ↔ 직무 중분류 '촬영·콘텐츠·스포츠' 명칭·업무 대응(초안 규칙),draft,
방송·공연,DJ-136,드론 라이트쇼 디자이너,촬영·콘텐츠·스포츠,분야 '방송·공연' ↔ 직무 중분류 '촬영·콘텐츠·스포츠' 명칭·업무 대응(초안 규칙),draft,
방송·공연,DJ-137,드론쇼 군집운항 감독,촬영·콘텐츠·스포츠,분야 '방송·공연' ↔ 직무 중분류 '촬영·콘텐츠·스포츠' 명칭·업무 대응(초안 규칙),draft,
방송·공연,DJ-138,드론쇼 현장 기술자,촬영·콘텐츠·스포츠,분야 '방송·공연' ↔ 직무 중분류 '촬영·콘텐츠·스포츠' 명칭·업무 대응(초안 규칙),draft,
방송·공연,DJ-139,드론축구 선수,촬영·콘텐츠·스포츠,분야 '방송·공연' ↔ 직무 중분류 '촬영·콘텐츠·스포츠' 명칭·업무 대응(초안 규칙),draft,
방송·공연,DJ-140,드론축구 지도자,촬영·콘텐츠·스포츠,분야 '방송·공연' ↔ 직무 중분류 '촬영·콘텐츠·스포츠' 명칭·업무 대응(초안 규칙),draft,
방송·공연,DJ-141,드론레이싱 선수,촬영·콘텐츠·스포츠,분야 '방송·공연' ↔ 직무 중분류 '촬영·콘텐츠·스포츠' 명칭·업무 대응(초안 규칙),draft,
안티드론,DJ-055,드론 RF 통신 엔지니어,통신·관제장비,분야 '안티드론' ↔ 직무 중분류 '통신·관제장비' 명칭·업무 대응(초안 규칙),draft,
안티드론,DJ-056,드론 데이터링크 엔지니어,통신·관제장비,분야 '안티드론' ↔ 직무 중분류 '통신·관제장비' 명칭·업무 대응(초안 규칙),draft,
안티드론,DJ-057,드론 안테나 엔지니어,통신·관제장비,분야 '안티드론' ↔ 직무 중분류 '통신·관제장비' 명칭·업무 대응(초안 규칙),draft,
안티드론,DJ-058,드론 지상통제장비 하드웨어 엔지니어,통신·관제장비,분야 '안티드론' ↔ 직무 중분류 '통신·관제장비' 명칭·업무 대응(초안 규칙),draft,
안티드론,DJ-059,드론 지상통제소 소프트웨어 개발자,통신·관제장비,분야 '안티드론' ↔ 직무 중분류 '통신·관제장비' 명칭·업무 대응(초안 규칙),draft,
안티드론,DJ-060,드론 C2 네트워크 엔지니어,통신·관제장비,분야 '안티드론' ↔ 직무 중분류 '통신·관제장비' 명칭·업무 대응(초안 규칙),draft,
안티드론,DJ-061,드론 원격식별 시스템 개발자,통신·관제장비,분야 '안티드론' ↔ 직무 중분류 '통신·관제장비' 명칭·업무 대응(초안 규칙),draft,
안티드론,DJ-062,드론 임무컴퓨터 개발자,센서·임무장비,분야 '안티드론' ↔ 직무 중분류 '센서·임무장비' 명칭·업무 대응(초안 규칙),draft,
안티드론,DJ-063,드론 EO/IR 짐벌 엔지니어,센서·임무장비,분야 '안티드론' ↔ 직무 중분류 '센서·임무장비' 명칭·업무 대응(초안 규칙),draft,
안티드론,DJ-064,드론 LiDAR 탑재체 엔지니어,센서·임무장비,분야 '안티드론' ↔ 직무 중분류 '센서·임무장비' 명칭·업무 대응(초안 규칙),draft,
안티드론,DJ-065,드론 레이더 탑재체 엔지니어,센서·임무장비,분야 '안티드론' ↔ 직무 중분류 '센서·임무장비' 명칭·업무 대응(초안 규칙),draft,
안티드론,DJ-066,드론 멀티스펙트럴 센서 엔지니어,센서·임무장비,분야 '안티드론' ↔ 직무 중분류 '센서·임무장비' 명칭·업무 대응(초안 규칙),draft,
안티드론,DJ-067,드론 임무장비 통합 엔지니어,센서·임무장비,분야 '안티드론' ↔ 직무 중분류 '센서·임무장비' 명칭·업무 대응(초안 규칙),draft,
안티드론,DJ-068,드론 EMC·EMI 시험 엔지니어,센서·임무장비,분야 '안티드론' ↔ 직무 중분류 '센서·임무장비' 명칭·업무 대응(초안 규칙),draft,
안티드론,DJ-069,드론 환경·내구 시험 엔지니어,센서·임무장비,분야 '안티드론' ↔ 직무 중분류 '센서·임무장비' 명칭·업무 대응(초안 규칙),draft,
