source_dataset,source_id,source_name,report_receipt_no,company_id,match_method,evidence,review_status,review_note
dart_table_list,CMP0003,LIG디펜스앤에어로스페이스,20260825000158,CMP0002,name_only_id_mismatch,"DART 표 ID CMP0003는 마스터에 없음, 명칭은 마스터 CMP0002와 일치(research 10.3-2: 출처 제한 매핑)",draft,
dart_table_list,CMP0004,STX엔진,20260814001988,CMP0004,id_and_name,마스터 CMP0004 명칭 일치,draft,
dart_table_list,CMP0021,기아,20260916000427,CMP0021,id_and_name,마스터 CMP0021 명칭 일치,draft,
dart_table_list,CMP0037,니어스랩,20260828000598,CMP0037,id_and_name,마스터 CMP0037 명칭 일치,draft,
dart_table_list,CMP0045,대우건설,20260814002161,CMP0045,id_and_name,마스터 CMP0045 명칭 일치,draft,
dart_table_list,CMP0049,대한항공,20260814002803,CMP0049,id_and_name,마스터 CMP0049 명칭 일치,draft,
dart_table_list,CMP0105,베셀,20260814000287,CMP0105,id_and_name,마스터 CMP0105 명칭 일치,draft,
dart_table_list,CMP0166,에스케이온,20260814003034,CMP0166,id_and_name,마스터 CMP0166 명칭 일치,draft,
dart_table_list,CMP0206,이노뎁,20260814003183,CMP0206,id_and_name,마스터 CMP0206 명칭 일치,draft,
dart_table_list,CMP0212,이지시스템,20260814002780,CMP0212,id_and_name,마스터 CMP0212 명칭 일치,draft,
dart_table_list,CMP0219,제이씨현시스템,20260814002062,CMP0219,id_and_name,마스터 CMP0219 명칭 일치,draft,
dart_table_list,CMP0248,퍼스텍,20260814002664,CMP0248,id_and_name,마스터 CMP0248 명칭 일치,draft,
dart_table_list,CMP0252,풍산,20260814004203,CMP0252,id_and_name,마스터 CMP0252 명칭 일치,draft,
dart_table_list,CMP0270,한국전력공사,20260814002198,CMP0270,id_and_name,마스터 CMP0270 명칭 일치,draft,
dart_table_list,CMP0282,한화,20260831001249,CMP0282,id_and_name,마스터 CMP0282 명칭 일치,draft,
dart_table_list,CMP0283,한화시스템,20260820000123,CMP0283,id_and_name,마스터 CMP0283 명칭 일치,draft,
dart_table_list,CMP0284,한화에어로스페이스,20260814003198,CMP0284,id_and_name,마스터 CMP0284 명칭 일치,draft,
dart_table_list,CMP0291,현대로템,20260814002977,CMP0291,id_and_name,마스터 CMP0291 명칭 일치,draft,
dart_table_list,CMP0292,현대자동차,20260814003521,CMP0292,id_and_name,마스터 CMP0292 명칭 일치,draft,
dart_table_list,CMP0296,휴니드테크놀러지스,20260814003254,CMP0296,id_and_name,마스터 CMP0296 명칭 일치,draft,
dart_table_list,CMP0033,노타,20260814003297,CMP0033,id_and_name,마스터 CMP0033 명칭 일치,draft,
dart_table_list,CMP0039,다온아이앤씨,20260923000265,CMP0039,id_and_name,마스터 CMP0039 명칭 일치,draft,
