course_id,search_keyword,collection_round,review_status,review_note
ACG20253001061519,드론,1차 드론,reviewed,수집 원본 기록
ACG20253001077931,드론,1차 드론,reviewed,수집 원본 기록
ACG20253001100205,드론,1차 드론,reviewed,수집 원본 기록
ACG20253001116572,SolidWorks,2차 기술,reviewed,수집 원본 기록
ACG20263001154048,드론,1차 드론,reviewed,수집 원본 기록
ACG20263001165807,드론,1차 드론,reviewed,수집 원본 기록
ACG20263001165807,드론조종,1차 드론,reviewed,수집 원본 기록
ACG20263001165807,초경량비행장치,1차 드론,reviewed,수집 원본 기록
ACG20263001192049,드론,1차 드론,reviewed,수집 원본 기록
ACG20263001251328,드론,1차 드론,reviewed,수집 원본 기록
ACG20263001260041,C++,2차 기술,reviewed,수집 원본 기록
ACG20263001336664,C++,2차 기술,reviewed,수집 원본 기록
ACG20263001344513,C++,2차 기술,reviewed,수집 원본 기록
ACG20263001364368,C++,2차 기술,reviewed,수집 원본 기록
ACG20263001409220,SolidWorks,2차 기술,reviewed,수집 원본 기록
ACG20263001414787,드론,1차 드론,reviewed,수집 원본 기록
AIG20230000415705,CAD,2차 기술,reviewed,수집 원본 기록
AIG20230000418239,CAD,2차 기술,reviewed,수집 원본 기록
AIG20230000418684,CAD,2차 기술,reviewed,수집 원본 기록
AIG20230000419926,CAD,2차 기술,reviewed,수집 원본 기록
AIG20230000420539,CAD,2차 기술,reviewed,수집 원본 기록
AIG20230000421158,CAD,2차 기술,reviewed,수집 원본 기록
AIG20230000421584,CAD,2차 기술,reviewed,수집 원본 기록
AIG20230000421591,CAD,2차 기술,reviewed,수집 원본 기록
AIG20230000425477,CAD,2차 기술,reviewed,수집 원본 기록
AIG20230000425516,CAD,2차 기술,reviewed,수집 원본 기록
AIG20230000426852,CAD,2차 기술,reviewed,수집 원본 기록
AIG20230000427016,CAD,2차 기술,reviewed,수집 원본 기록
AIG20230000427225,CAD,2차 기술,reviewed,수집 원본 기록
AIG20230000430163,CAD,2차 기술,reviewed,수집 원본 기록
AIG20230000430424,CAD,2차 기술,reviewed,수집 원본 기록
AIG20230000431560,CAD,2차 기술,reviewed,수집 원본 기록
AIG20230000433435,CAD,2차 기술,reviewed,수집 원본 기록
AIG20230000434489,CAD,2차 기술,reviewed,수집 원본 기록
AIG20230000436465,CAD,2차 기술,reviewed,수집 원본 기록
AIG20230000436567,CAD,2차 기술,reviewed,수집 원본 기록
AIG20230000440308,CAD,2차 기술,reviewed,수집 원본 기록
AIG20230000440338,CAD,2차 기술,reviewed,수집 원본 기록
AIG20230000440381,CAD,2차 기술,reviewed,수집 원본 기록
AIG20230000441905,CAD,2차 기술,reviewed,수집 원본 기록
AIG20230000442845,CAD,2차 기술,reviewed,수집 원본 기록
AIG20230000444087,CAD,2차 기술,reviewed,수집 원본 기록
AIG20230000444294,CAD,2차 기술,reviewed,수집 원본 기록
AIG20230000444295,CAD,2차 기술,reviewed,수집 원본 기록
AIG20230000444296,CAD,2차 기술,reviewed,수집 원본 기록
AIG20230000446841,CAD,2차 기술,reviewed,수집 원본 기록
AIG20230000446921,CAD,2차 기술,reviewed,수집 원본 기록
AIG20230000451582,CAD,2차 기술,reviewed,수집 원본 기록
AIG20240000459059,임베디드,2차 기술,reviewed,수집 원본 기록
AIG20240000459108,ROS2,2차 기술,reviewed,수집 원본 기록
AIG20240000459118,임베디드,2차 기술,reviewed,수집 원본 기록
AIG20240000460357,CAD,2차 기술,reviewed,수집 원본 기록
AIG20240000460360,CAD,2차 기술,reviewed,수집 원본 기록
AIG20240000461785,CAD,2차 기술,reviewed,수집 원본 기록
AIG20240000462470,CAD,2차 기술,reviewed,수집 원본 기록
AIG20240000462860,CAD,2차 기술,reviewed,수집 원본 기록
AIG20240000462942,CAD,2차 기술,reviewed,수집 원본 기록
AIG20240000463323,CAD,2차 기술,reviewed,수집 원본 기록
AIG20240000463706,CAD,2차 기술,reviewed,수집 원본 기록
AIG20240000463724,CAD,2차 기술,reviewed,수집 원본 기록
AIG20240000464275,CAD,2차 기술,reviewed,수집 원본 기록
AIG20240000468620,CAD,2차 기술,reviewed,수집 원본 기록
AIG20240000468639,C++,2차 기술,reviewed,수집 원본 기록
AIG20240000468651,CAD,2차 기술,reviewed,수집 원본 기록
AIG20240000469309,CAD,2차 기술,reviewed,수집 원본 기록
AIG20240000469397,CAD,2차 기술,reviewed,수집 원본 기록
AIG20240000469850,CAD,2차 기술,reviewed,수집 원본 기록
AIG20240000469946,CATIA,2차 기술,reviewed,수집 원본 기록
AIG20240000469948,CAD,2차 기술,reviewed,수집 원본 기록
AIG20240000472235,CAD,2차 기술,reviewed,수집 원본 기록
AIG20240000472544,CAD,2차 기술,reviewed,수집 원본 기록
AIG20240000473800,CAD,2차 기술,reviewed,수집 원본 기록
AIG20240000473946,CAD,2차 기술,reviewed,수집 원본 기록
AIG20240000473957,CAD,2차 기술,reviewed,수집 원본 기록
AIG20240000474387,CAD,2차 기술,reviewed,수집 원본 기록
AIG20240000474518,CAD,2차 기술,reviewed,수집 원본 기록
AIG20240000475012,CAD,2차 기술,reviewed,수집 원본 기록
AIG20240000475075,CAD,2차 기술,reviewed,수집 원본 기록
AIG20240000476124,CAD,2차 기술,reviewed,수집 원본 기록
AIG20240000476274,CAD,2차 기술,reviewed,수집 원본 기록
AIG20240000477047,CATIA,2차 기술,reviewed,수집 원본 기록
AIG20240000477141,CATIA,2차 기술,reviewed,수집 원본 기록
AIG20240000478353,CAD,2차 기술,reviewed,수집 원본 기록
AIG20240000478771,CAD,2차 기술,reviewed,수집 원본 기록
AIG20240000478783,CAD,2차 기술,reviewed,수집 원본 기록
AIG20240000482761,CAD,2차 기술,reviewed,수집 원본 기록
AIG20240000483251,CAD,2차 기술,reviewed,수집 원본 기록
AIG20240000483286,CAD,2차 기술,reviewed,수집 원본 기록
AIG20240000483330,CAD,2차 기술,reviewed,수집 원본 기록
AIG20240000483375,CAD,2차 기술,reviewed,수집 원본 기록
AIG20240000483426,CAD,2차 기술,reviewed,수집 원본 기록
AIG20240000483809,CAD,2차 기술,reviewed,수집 원본 기록
AIG20240000483913,CAD,2차 기술,reviewed,수집 원본 기록
AIG20240000483930,CAD,2차 기술,reviewed,수집 원본 기록
AIG20240000484142,CAD,2차 기술,reviewed,수집 원본 기록
AIG20240000484435,CAD,2차 기술,reviewed,수집 원본 기록
AIG20240000485656,CAD,2차 기술,reviewed,수집 원본 기록
AIG20240000485697,CAD,2차 기술,reviewed,수집 원본 기록
AIG20240000486184,CAD,2차 기술,reviewed,수집 원본 기록
AIG20240000487002,CAD,2차 기술,reviewed,수집 원본 기록
AIG20240000487699,CATIA,2차 기술,reviewed,수집 원본 기록
AIG20240000487714,CAD,2차 기술,reviewed,수집 원본 기록
AIG20240000488258,CAD,2차 기술,reviewed,수집 원본 기록
AIG20240000488421,CAD,2차 기술,reviewed,수집 원본 기록
AIG20240000489462,CAD,2차 기술,reviewed,수집 원본 기록
AIG20240000494634,CAD,2차 기술,reviewed,수집 원본 기록
AIG20240000495157,CATIA,2차 기술,reviewed,수집 원본 기록
AIG20240000495852,CAD,2차 기술,reviewed,수집 원본 기록
AIG20240000495853,CAD,2차 기술,reviewed,수집 원본 기록
AIG20240000495854,CAD,2차 기술,reviewed,수집 원본 기록
AIG20240000495855,CAD,2차 기술,reviewed,수집 원본 기록
AIG20240000495864,CAD,2차 기술,reviewed,수집 원본 기록
AIG20240000495865,CAD,2차 기술,reviewed,수집 원본 기록
AIG20240000495866,CAD,2차 기술,reviewed,수집 원본 기록
AIG20240000495870,CAD,2차 기술,reviewed,수집 원본 기록
AIG20240000495871,CAD,2차 기술,reviewed,수집 원본 기록
AIG20240000495872,CAD,2차 기술,reviewed,수집 원본 기록
AIG20240000495873,CAD,2차 기술,reviewed,수집 원본 기록
AIG20240000495874,CAD,2차 기술,reviewed,수집 원본 기록
AIG20240000496381,CAD,2차 기술,reviewed,수집 원본 기록
AIG20240000496384,CAD,2차 기술,reviewed,수집 원본 기록
AIG20240000496642,CAD,2차 기술,reviewed,수집 원본 기록
AIG20240000496952,CATIA,2차 기술,reviewed,수집 원본 기록
AIG20240000496952,기구설계,2차 기술,reviewed,수집 원본 기록
AIG20240000498076,드론,1차 드론,reviewed,수집 원본 기록
AIG20240000498076,드론제작,2차 기술,reviewed,수집 원본 기록
AIG20240000498076,비행제어,2차 기술,reviewed,수집 원본 기록
AIG20240000498076,자율비행,2차 기술,reviewed,수집 원본 기록
AIG20240000498211,임베디드,2차 기술,reviewed,수집 원본 기록
AIG20240000501227,CATIA,2차 기술,reviewed,수집 원본 기록
AIG20240000501230,CATIA,2차 기술,reviewed,수집 원본 기록
AIG20250000501335,드론,1차 드론,reviewed,수집 원본 기록
AIG20250000501754,ROS2,2차 기술,reviewed,수집 원본 기록
AIG20250000502445,드론,1차 드론,reviewed,수집 원본 기록
AIG20250000502604,CAD,2차 기술,reviewed,수집 원본 기록
AIG20250000502614,CATIA,2차 기술,reviewed,수집 원본 기록
AIG20250000502620,드론,1차 드론,reviewed,수집 원본 기록
AIG20250000502620,드론조종,1차 드론,reviewed,수집 원본 기록
AIG20250000502620,무인비행,1차 드론,reviewed,수집 원본 기록
AIG20250000502620,초경량비행장치,1차 드론,reviewed,수집 원본 기록
AIG20250000502689,CAD,2차 기술,reviewed,수집 원본 기록
AIG20250000502801,CAD,2차 기술,reviewed,수집 원본 기록
AIG20250000502991,CAD,2차 기술,reviewed,수집 원본 기록
AIG20250000503028,CAD,2차 기술,reviewed,수집 원본 기록
AIG20250000503033,SolidWorks,2차 기술,reviewed,수집 원본 기록
AIG20250000503084,CAD,2차 기술,reviewed,수집 원본 기록
AIG20250000503098,CAD,2차 기술,reviewed,수집 원본 기록
AIG20250000503116,CAD,2차 기술,reviewed,수집 원본 기록
AIG20250000503241,CAD,2차 기술,reviewed,수집 원본 기록
AIG20250000503262,CATIA,2차 기술,reviewed,수집 원본 기록
AIG20250000503304,드론,1차 드론,reviewed,수집 원본 기록
AIG20250000503323,CAD,2차 기술,reviewed,수집 원본 기록
AIG20250000503351,드론,1차 드론,reviewed,수집 원본 기록
AIG20250000503453,CATIA,2차 기술,reviewed,수집 원본 기록
AIG20250000503563,CAD,2차 기술,reviewed,수집 원본 기록
AIG20250000503846,CAD,2차 기술,reviewed,수집 원본 기록
AIG20250000504036,CAD,2차 기술,reviewed,수집 원본 기록
AIG20250000504230,CAD,2차 기술,reviewed,수집 원본 기록
AIG20250000504420,드론,1차 드론,reviewed,수집 원본 기록
AIG20250000504420,드론조종,1차 드론,reviewed,수집 원본 기록
AIG20250000504420,무인비행,1차 드론,reviewed,수집 원본 기록
AIG20250000504420,초경량비행장치,1차 드론,reviewed,수집 원본 기록
AIG20250000504590,드론,1차 드론,reviewed,수집 원본 기록
AIG20250000504590,드론조종,1차 드론,reviewed,수집 원본 기록
AIG20250000504590,무인비행,1차 드론,reviewed,수집 원본 기록
AIG20250000504590,초경량비행장치,1차 드론,reviewed,수집 원본 기록
AIG20250000504751,CAD,2차 기술,reviewed,수집 원본 기록
AIG20250000504858,CAD,2차 기술,reviewed,수집 원본 기록
AIG20250000504898,CAD,2차 기술,reviewed,수집 원본 기록
AIG20250000504936,드론,1차 드론,reviewed,수집 원본 기록
AIG20250000504943,CAD,2차 기술,reviewed,수집 원본 기록
AIG20250000504950,CAD,2차 기술,reviewed,수집 원본 기록
AIG20250000505118,CAD,2차 기술,reviewed,수집 원본 기록
AIG20250000505226,드론,1차 드론,reviewed,수집 원본 기록
AIG20250000505265,CAD,2차 기술,reviewed,수집 원본 기록
AIG20250000505365,CAD,2차 기술,reviewed,수집 원본 기록
AIG20250000505375,CAD,2차 기술,reviewed,수집 원본 기록
AIG20250000505459,CAD,2차 기술,reviewed,수집 원본 기록
AIG20250000505519,드론,1차 드론,reviewed,수집 원본 기록
AIG20250000505532,드론,1차 드론,reviewed,수집 원본 기록
AIG20250000505532,드론조종,1차 드론,reviewed,수집 원본 기록
AIG20250000505532,항공촬영,1차 드론,reviewed,수집 원본 기록
AIG20250000505693,드론,1차 드론,reviewed,수집 원본 기록
AIG20250000505763,CAD,2차 기술,reviewed,수집 원본 기록
AIG20250000505779,CAD,2차 기술,reviewed,수집 원본 기록
AIG20250000505872,CAD,2차 기술,reviewed,수집 원본 기록
AIG20250000505975,CAD,2차 기술,reviewed,수집 원본 기록
AIG20250000506152,CAD,2차 기술,reviewed,수집 원본 기록
AIG20250000506180,드론,1차 드론,reviewed,수집 원본 기록
AIG20250000506246,CAD,2차 기술,reviewed,수집 원본 기록
AIG20250000506384,CAD,2차 기술,reviewed,수집 원본 기록
AIG20250000506423,CAD,2차 기술,reviewed,수집 원본 기록
AIG20250000506444,CAD,2차 기술,reviewed,수집 원본 기록
AIG20250000506560,CAD,2차 기술,reviewed,수집 원본 기록
AIG20250000506566,CAD,2차 기술,reviewed,수집 원본 기록
AIG20250000506842,CAD,2차 기술,reviewed,수집 원본 기록
AIG20250000506854,SolidWorks,2차 기술,reviewed,수집 원본 기록
AIG20250000507221,CAD,2차 기술,reviewed,수집 원본 기록
AIG20250000507454,CAD,2차 기술,reviewed,수집 원본 기록
AIG20250000507609,CAD,2차 기술,reviewed,수집 원본 기록
AIG20250000507630,CAD,2차 기술,reviewed,수집 원본 기록
AIG20250000507736,CAD,2차 기술,reviewed,수집 원본 기록
AIG20250000507756,드론,1차 드론,reviewed,수집 원본 기록
AIG20250000507756,드론조종,1차 드론,reviewed,수집 원본 기록
AIG20250000507761,CAD,2차 기술,reviewed,수집 원본 기록
AIG20250000507813,CAD,2차 기술,reviewed,수집 원본 기록
AIG20250000507844,CAD,2차 기술,reviewed,수집 원본 기록
AIG20250000508278,드론,1차 드론,reviewed,수집 원본 기록
AIG20250000508323,CAD,2차 기술,reviewed,수집 원본 기록
AIG20250000508720,드론,1차 드론,reviewed,수집 원본 기록
AIG20250000508720,초경량비행장치,1차 드론,reviewed,수집 원본 기록
AIG20250000508736,CAD,2차 기술,reviewed,수집 원본 기록
AIG20250000508779,CAD,2차 기술,reviewed,수집 원본 기록
AIG20250000508800,드론,1차 드론,reviewed,수집 원본 기록
AIG20250000508865,드론,1차 드론,reviewed,수집 원본 기록
AIG20250000508924,드론,1차 드론,reviewed,수집 원본 기록
AIG20250000508924,드론조종,1차 드론,reviewed,수집 원본 기록
AIG20250000508924,항공촬영,1차 드론,reviewed,수집 원본 기록
AIG20250000509002,드론,1차 드론,reviewed,수집 원본 기록
AIG20250000509002,드론조종,1차 드론,reviewed,수집 원본 기록
AIG20250000509079,C++,2차 기술,reviewed,수집 원본 기록
AIG20250000509097,CAD,2차 기술,reviewed,수집 원본 기록
AIG20250000509136,CAD,2차 기술,reviewed,수집 원본 기록
AIG20250000509207,CAD,2차 기술,reviewed,수집 원본 기록
AIG20250000509333,CAD,2차 기술,reviewed,수집 원본 기록
AIG20250000509552,드론,1차 드론,reviewed,수집 원본 기록
AIG20250000509595,CAD,2차 기술,reviewed,수집 원본 기록
AIG20250000509639,드론,1차 드론,reviewed,수집 원본 기록
AIG20250000509711,드론,1차 드론,reviewed,수집 원본 기록
AIG20250000509778,드론,1차 드론,reviewed,수집 원본 기록
AIG20250000509878,CAD,2차 기술,reviewed,수집 원본 기록
AIG20250000510905,드론,1차 드론,reviewed,수집 원본 기록
AIG20250000510923,CAD,2차 기술,reviewed,수집 원본 기록
AIG20250000510984,드론,1차 드론,reviewed,수집 원본 기록
AIG20250000510984,초경량비행장치,1차 드론,reviewed,수집 원본 기록
AIG20250000511014,CAD,2차 기술,reviewed,수집 원본 기록
AIG20250000511066,CAD,2차 기술,reviewed,수집 원본 기록
AIG20250000511074,드론,1차 드론,reviewed,수집 원본 기록
AIG20250000511074,무인비행,1차 드론,reviewed,수집 원본 기록
AIG20250000511074,초경량비행장치,1차 드론,reviewed,수집 원본 기록
AIG20250000511331,CAD,2차 기술,reviewed,수집 원본 기록
AIG20250000511337,CAD,2차 기술,reviewed,수집 원본 기록
AIG20250000511385,CAD,2차 기술,reviewed,수집 원본 기록
AIG20250000511419,CAD,2차 기술,reviewed,수집 원본 기록
AIG20250000511427,SolidWorks,2차 기술,reviewed,수집 원본 기록
AIG20250000511441,CAD,2차 기술,reviewed,수집 원본 기록
AIG20250000511493,CATIA,2차 기술,reviewed,수집 원본 기록
AIG20250000511503,CAD,2차 기술,reviewed,수집 원본 기록
AIG20250000511561,CAD,2차 기술,reviewed,수집 원본 기록
AIG20250000511579,CAD,2차 기술,reviewed,수집 원본 기록
AIG20250000511659,무인비행,1차 드론,reviewed,수집 원본 기록
AIG20250000511659,초경량비행장치,1차 드론,reviewed,수집 원본 기록
AIG20250000511898,드론,1차 드론,reviewed,수집 원본 기록
AIG20250000512027,CAD,2차 기술,reviewed,수집 원본 기록
AIG20250000512084,CAD,2차 기술,reviewed,수집 원본 기록
AIG20250000512112,CAD,2차 기술,reviewed,수집 원본 기록
AIG20250000512187,CAD,2차 기술,reviewed,수집 원본 기록
AIG20250000512274,드론,1차 드론,reviewed,수집 원본 기록
AIG20250000512392,CAD,2차 기술,reviewed,수집 원본 기록
AIG20250000512419,CAD,2차 기술,reviewed,수집 원본 기록
AIG20250000512452,CAD,2차 기술,reviewed,수집 원본 기록
AIG20250000512459,CAD,2차 기술,reviewed,수집 원본 기록
AIG20250000512863,CAD,2차 기술,reviewed,수집 원본 기록
AIG20250000512885,CAD,2차 기술,reviewed,수집 원본 기록
AIG20250000512951,CAD,2차 기술,reviewed,수집 원본 기록
AIG20250000512982,CAD,2차 기술,reviewed,수집 원본 기록
AIG20250000513041,드론,1차 드론,reviewed,수집 원본 기록
AIG20250000513043,CAD,2차 기술,reviewed,수집 원본 기록
AIG20250000513132,드론,1차 드론,reviewed,수집 원본 기록
AIG20250000513160,드론,1차 드론,reviewed,수집 원본 기록
AIG20250000513160,드론조종,1차 드론,reviewed,수집 원본 기록
AIG20250000513278,드론,1차 드론,reviewed,수집 원본 기록
AIG20250000513531,CAD,2차 기술,reviewed,수집 원본 기록
AIG20250000513585,드론,1차 드론,reviewed,수집 원본 기록
AIG20250000513673,CAD,2차 기술,reviewed,수집 원본 기록
AIG20250000513800,CAD,2차 기술,reviewed,수집 원본 기록
AIG20250000514154,SolidWorks,2차 기술,reviewed,수집 원본 기록
AIG20250000514156,SolidWorks,2차 기술,reviewed,수집 원본 기록
AIG20250000514827,드론,1차 드론,reviewed,수집 원본 기록
AIG20250000515012,드론,1차 드론,reviewed,수집 원본 기록
AIG20250000515012,드론조종,1차 드론,reviewed,수집 원본 기록
AIG20250000515162,C++,2차 기술,reviewed,수집 원본 기록
AIG20250000515162,임베디드,2차 기술,reviewed,수집 원본 기록
AIG20250000515331,CAD,2차 기술,reviewed,수집 원본 기록
AIG20250000515436,드론,1차 드론,reviewed,수집 원본 기록
AIG20250000515436,드론조종,1차 드론,reviewed,수집 원본 기록
AIG20250000515436,초경량비행장치,1차 드론,reviewed,수집 원본 기록
AIG20250000515467,드론,1차 드론,reviewed,수집 원본 기록
AIG20250000515496,드론,1차 드론,reviewed,수집 원본 기록
AIG20250000515496,드론조종,1차 드론,reviewed,수집 원본 기록
AIG20250000515496,초경량비행장치,1차 드론,reviewed,수집 원본 기록
AIG20250000515594,드론,1차 드론,reviewed,수집 원본 기록
AIG20250000515594,드론조종,1차 드론,reviewed,수집 원본 기록
AIG20250000515594,초경량비행장치,1차 드론,reviewed,수집 원본 기록
AIG20250000515742,드론,1차 드론,reviewed,수집 원본 기록
AIG20250000515742,드론조종,1차 드론,reviewed,수집 원본 기록
AIG20250000515742,초경량비행장치,1차 드론,reviewed,수집 원본 기록
AIG20250000515754,CAD,2차 기술,reviewed,수집 원본 기록
AIG20250000515758,CAD,2차 기술,reviewed,수집 원본 기록
AIG20250000515888,CAD,2차 기술,reviewed,수집 원본 기록
AIG20250000515892,CAD,2차 기술,reviewed,수집 원본 기록
AIG20250000516178,CAD,2차 기술,reviewed,수집 원본 기록
AIG20250000516351,드론,1차 드론,reviewed,수집 원본 기록
AIG20250000516351,무인비행,1차 드론,reviewed,수집 원본 기록
AIG20250000516351,초경량비행장치,1차 드론,reviewed,수집 원본 기록
AIG20250000516408,CAD,2차 기술,reviewed,수집 원본 기록
AIG20250000516429,드론,1차 드론,reviewed,수집 원본 기록
AIG20250000516429,무인비행,1차 드론,reviewed,수집 원본 기록
AIG20250000516429,초경량비행장치,1차 드론,reviewed,수집 원본 기록
AIG20250000516521,CAD,2차 기술,reviewed,수집 원본 기록
AIG20250000516588,드론,1차 드론,reviewed,수집 원본 기록
AIG20250000516668,드론,1차 드론,reviewed,수집 원본 기록
AIG20250000516668,무인비행,1차 드론,reviewed,수집 원본 기록
AIG20250000516668,초경량비행장치,1차 드론,reviewed,수집 원본 기록
AIG20250000516880,CAD,2차 기술,reviewed,수집 원본 기록
AIG20250000517005,VTOL,2차 기술,reviewed,수집 원본 기록
AIG20250000517040,CAD,2차 기술,reviewed,수집 원본 기록
AIG20250000517225,CAD,2차 기술,reviewed,수집 원본 기록
AIG20250000517320,CAD,2차 기술,reviewed,수집 원본 기록
AIG20250000517356,드론,1차 드론,reviewed,수집 원본 기록
AIG20250000517356,무인항공,1차 드론,reviewed,수집 원본 기록
AIG20250000517356,항공촬영,1차 드론,reviewed,수집 원본 기록
AIG20250000517376,CAD,2차 기술,reviewed,수집 원본 기록
AIG20250000517455,C++,2차 기술,reviewed,수집 원본 기록
AIG20250000517538,CAD,2차 기술,reviewed,수집 원본 기록
AIG20250000517586,CAD,2차 기술,reviewed,수집 원본 기록
AIG20250000517587,CAD,2차 기술,reviewed,수집 원본 기록
AIG20250000517590,CAD,2차 기술,reviewed,수집 원본 기록
AIG20250000517665,CAD,2차 기술,reviewed,수집 원본 기록
AIG20250000517736,CAD,2차 기술,reviewed,수집 원본 기록
AIG20250000517784,CAD,2차 기술,reviewed,수집 원본 기록
AIG20250000518046,CAD,2차 기술,reviewed,수집 원본 기록
AIG20250000518065,드론,1차 드론,reviewed,수집 원본 기록
AIG20250000518065,드론조종,1차 드론,reviewed,수집 원본 기록
AIG20250000518065,무인비행,1차 드론,reviewed,수집 원본 기록
AIG20250000518065,초경량비행장치,1차 드론,reviewed,수집 원본 기록
AIG20250000518403,CAD,2차 기술,reviewed,수집 원본 기록
AIG20250000518450,CAD,2차 기술,reviewed,수집 원본 기록
AIG20250000518688,CAD,2차 기술,reviewed,수집 원본 기록
AIG20250000519086,CAD,2차 기술,reviewed,수집 원본 기록
AIG20250000519317,드론,1차 드론,reviewed,수집 원본 기록
AIG20250000519356,드론,1차 드론,reviewed,수집 원본 기록
AIG20250000519400,드론,1차 드론,reviewed,수집 원본 기록
AIG20250000519400,드론조종,1차 드론,reviewed,수집 원본 기록
AIG20250000519760,드론,1차 드론,reviewed,수집 원본 기록
AIG20250000519788,임베디드,2차 기술,reviewed,수집 원본 기록
AIG20250000519853,CATIA,2차 기술,reviewed,수집 원본 기록
AIG20250000519959,CAD,2차 기술,reviewed,수집 원본 기록
AIG20250000519996,드론,1차 드론,reviewed,수집 원본 기록
AIG20250000520098,드론,1차 드론,reviewed,수집 원본 기록
AIG20250000520214,드론,1차 드론,reviewed,수집 원본 기록
AIG20250000520283,드론,1차 드론,reviewed,수집 원본 기록
AIG20250000520302,CAD,2차 기술,reviewed,수집 원본 기록
AIG20250000520385,CAD,2차 기술,reviewed,수집 원본 기록
AIG20250000520415,CAD,2차 기술,reviewed,수집 원본 기록
AIG20250000520425,CAD,2차 기술,reviewed,수집 원본 기록
AIG20250000520440,CAD,2차 기술,reviewed,수집 원본 기록
AIG20250000520568,CAD,2차 기술,reviewed,수집 원본 기록
AIG20250000520571,CAD,2차 기술,reviewed,수집 원본 기록
AIG20250000520589,CAD,2차 기술,reviewed,수집 원본 기록
AIG20250000520610,CAD,2차 기술,reviewed,수집 원본 기록
AIG20250000520672,드론,1차 드론,reviewed,수집 원본 기록
AIG20250000520672,드론조종,1차 드론,reviewed,수집 원본 기록
AIG20250000520729,드론,1차 드론,reviewed,수집 원본 기록
AIG20250000520748,드론,1차 드론,reviewed,수집 원본 기록
AIG20250000520984,드론,1차 드론,reviewed,수집 원본 기록
AIG20250000520984,드론조종,1차 드론,reviewed,수집 원본 기록
AIG20250000521044,드론,1차 드론,reviewed,수집 원본 기록
AIG20250000521046,드론,1차 드론,reviewed,수집 원본 기록
AIG20250000521046,드론조종,1차 드론,reviewed,수집 원본 기록
AIG20250000521048,CAD,2차 기술,reviewed,수집 원본 기록
AIG20250000521271,CAD,2차 기술,reviewed,수집 원본 기록
AIG20250000521547,CAD,2차 기술,reviewed,수집 원본 기록
AIG20250000521765,CAD,2차 기술,reviewed,수집 원본 기록
AIG20250000521847,SolidWorks,2차 기술,reviewed,수집 원본 기록
AIG20250000521919,드론,1차 드론,reviewed,수집 원본 기록
AIG20250000521919,드론조종,1차 드론,reviewed,수집 원본 기록
AIG20250000521919,초경량비행장치,1차 드론,reviewed,수집 원본 기록
AIG20250000522027,CAD,2차 기술,reviewed,수집 원본 기록
AIG20250000522055,CAD,2차 기술,reviewed,수집 원본 기록
AIG20250000522068,CAD,2차 기술,reviewed,수집 원본 기록
AIG20250000522221,CATIA,2차 기술,reviewed,수집 원본 기록
AIG20250000522253,CAD,2차 기술,reviewed,수집 원본 기록
AIG20250000522262,CAD,2차 기술,reviewed,수집 원본 기록
AIG20250000522268,CAD,2차 기술,reviewed,수집 원본 기록
AIG20250000522283,CAD,2차 기술,reviewed,수집 원본 기록
AIG20250000522383,CAD,2차 기술,reviewed,수집 원본 기록
AIG20250000522618,CAD,2차 기술,reviewed,수집 원본 기록
AIG20250000522666,CAD,2차 기술,reviewed,수집 원본 기록
AIG20250000522678,CAD,2차 기술,reviewed,수집 원본 기록
AIG20250000522678,SolidWorks,2차 기술,reviewed,수집 원본 기록
AIG20250000522772,CAD,2차 기술,reviewed,수집 원본 기록
AIG20250000523342,드론,1차 드론,reviewed,수집 원본 기록
AIG20250000523456,CAD,2차 기술,reviewed,수집 원본 기록
AIG20250000523607,CATIA,2차 기술,reviewed,수집 원본 기록
AIG20250000523732,CAD,2차 기술,reviewed,수집 원본 기록
AIG20250000524500,CAD,2차 기술,reviewed,수집 원본 기록
AIG20250000524796,CAD,2차 기술,reviewed,수집 원본 기록
AIG20250000525416,CAD,2차 기술,reviewed,수집 원본 기록
AIG20250000525443,CAD,2차 기술,reviewed,수집 원본 기록
AIG20250000525472,CAD,2차 기술,reviewed,수집 원본 기록
AIG20250000525480,CAD,2차 기술,reviewed,수집 원본 기록
AIG20250000525623,CAD,2차 기술,reviewed,수집 원본 기록
AIG20250000525690,CAD,2차 기술,reviewed,수집 원본 기록
AIG20250000525740,CAD,2차 기술,reviewed,수집 원본 기록
AIG20250000525906,드론,1차 드론,reviewed,수집 원본 기록
AIG20250000525906,무인비행,1차 드론,reviewed,수집 원본 기록
AIG20250000525906,초경량비행장치,1차 드론,reviewed,수집 원본 기록
AIG20250000526030,드론,1차 드론,reviewed,수집 원본 기록
AIG20250000526030,드론조종,1차 드론,reviewed,수집 원본 기록
AIG20250000526030,무인비행,1차 드론,reviewed,수집 원본 기록
AIG20250000526030,초경량비행장치,1차 드론,reviewed,수집 원본 기록
AIG20250000526041,CAD,2차 기술,reviewed,수집 원본 기록
AIG20250000526335,CAD,2차 기술,reviewed,수집 원본 기록
AIG20250000526360,CAD,2차 기술,reviewed,수집 원본 기록
AIG20250000526456,CAD,2차 기술,reviewed,수집 원본 기록
AIG20250000526712,CAD,2차 기술,reviewed,수집 원본 기록
AIG20250000526738,CAD,2차 기술,reviewed,수집 원본 기록
AIG20250000526837,CAD,2차 기술,reviewed,수집 원본 기록
AIG20250000526954,CAD,2차 기술,reviewed,수집 원본 기록
AIG20250000527104,드론,1차 드론,reviewed,수집 원본 기록
AIG20250000527104,초경량비행장치,1차 드론,reviewed,수집 원본 기록
AIG20250000527380,CAD,2차 기술,reviewed,수집 원본 기록
AIG20250000527422,CAD,2차 기술,reviewed,수집 원본 기록
AIG20250000527447,CAD,2차 기술,reviewed,수집 원본 기록
AIG20250000527495,드론,1차 드론,reviewed,수집 원본 기록
AIG20250000527495,초경량비행장치,1차 드론,reviewed,수집 원본 기록
AIG20250000527561,CAD,2차 기술,reviewed,수집 원본 기록
AIG20250000527644,드론,1차 드론,reviewed,수집 원본 기록
AIG20250000527644,드론조종,1차 드론,reviewed,수집 원본 기록
AIG20250000527659,CAD,2차 기술,reviewed,수집 원본 기록
AIG20250000527825,드론,1차 드론,reviewed,수집 원본 기록
AIG20250000527825,초경량비행장치,1차 드론,reviewed,수집 원본 기록
AIG20250000527866,CAD,2차 기술,reviewed,수집 원본 기록
AIG20250000528013,CAD,2차 기술,reviewed,수집 원본 기록
AIG20250000528114,CAD,2차 기술,reviewed,수집 원본 기록
AIG20250000528352,CAD,2차 기술,reviewed,수집 원본 기록
AIG20250000528466,드론,1차 드론,reviewed,수집 원본 기록
AIG20250000528466,드론조종,1차 드론,reviewed,수집 원본 기록
AIG20250000528503,CAD,2차 기술,reviewed,수집 원본 기록
AIG20250000528665,CAD,2차 기술,reviewed,수집 원본 기록
AIG20250000528906,CATIA,2차 기술,reviewed,수집 원본 기록
AIG20250000528909,CATIA,2차 기술,reviewed,수집 원본 기록
AIG20250000528935,드론,1차 드론,reviewed,수집 원본 기록
AIG20250000528935,드론조종,1차 드론,reviewed,수집 원본 기록
AIG20250000529057,초경량비행장치,1차 드론,reviewed,수집 원본 기록
AIG20250000529150,드론,1차 드론,reviewed,수집 원본 기록
AIG20250000529188,드론,1차 드론,reviewed,수집 원본 기록
AIG20250000529188,드론조종,1차 드론,reviewed,수집 원본 기록
AIG20250000529268,드론,1차 드론,reviewed,수집 원본 기록
AIG20250000529268,드론조종,1차 드론,reviewed,수집 원본 기록
AIG20250000529296,CAD,2차 기술,reviewed,수집 원본 기록
AIG20250000529505,CAD,2차 기술,reviewed,수집 원본 기록
AIG20250000529505,CATIA,2차 기술,reviewed,수집 원본 기록
AIG20250000529586,CAD,2차 기술,reviewed,수집 원본 기록
AIG20250000529706,CAD,2차 기술,reviewed,수집 원본 기록
AIG20250000529814,드론,1차 드론,reviewed,수집 원본 기록
AIG20250000530039,CAD,2차 기술,reviewed,수집 원본 기록
AIG20250000530081,CAD,2차 기술,reviewed,수집 원본 기록
AIG20250000530506,CAD,2차 기술,reviewed,수집 원본 기록
AIG20250000530521,CAD,2차 기술,reviewed,수집 원본 기록
AIG20250000530692,CAD,2차 기술,reviewed,수집 원본 기록
AIG20250000530735,CAD,2차 기술,reviewed,수집 원본 기록
AIG20250000530943,드론,1차 드론,reviewed,수집 원본 기록
AIG20250000531046,CAD,2차 기술,reviewed,수집 원본 기록
AIG20250000531271,CAD,2차 기술,reviewed,수집 원본 기록
AIG20250000531299,CAD,2차 기술,reviewed,수집 원본 기록
AIG20250000531299,CATIA,2차 기술,reviewed,수집 원본 기록
AIG20250000531345,CAD,2차 기술,reviewed,수집 원본 기록
AIG20250000531404,CAD,2차 기술,reviewed,수집 원본 기록
AIG20250000531405,CAD,2차 기술,reviewed,수집 원본 기록
AIG20250000531416,CAD,2차 기술,reviewed,수집 원본 기록
AIG20250000531419,CAD,2차 기술,reviewed,수집 원본 기록
AIG20250000531448,CATIA,2차 기술,reviewed,수집 원본 기록
AIG20250000531540,CAD,2차 기술,reviewed,수집 원본 기록
AIG20250000531642,CAD,2차 기술,reviewed,수집 원본 기록
AIG20250000531836,드론,1차 드론,reviewed,수집 원본 기록
AIG20250000531840,드론,1차 드론,reviewed,수집 원본 기록
AIG20250000531840,드론조종,1차 드론,reviewed,수집 원본 기록
AIG20250000531843,드론,1차 드론,reviewed,수집 원본 기록
AIG20250000531843,드론조종,1차 드론,reviewed,수집 원본 기록
AIG20250000531843,무인비행,1차 드론,reviewed,수집 원본 기록
AIG20250000531843,초경량비행장치,1차 드론,reviewed,수집 원본 기록
AIG20250000531939,무인비행,1차 드론,reviewed,수집 원본 기록
AIG20250000531939,초경량비행장치,1차 드론,reviewed,수집 원본 기록
AIG20250000531993,무인비행,1차 드론,reviewed,수집 원본 기록
AIG20250000531993,무인항공,1차 드론,reviewed,수집 원본 기록
AIG20250000532017,드론,1차 드론,reviewed,수집 원본 기록
AIG20250000532017,초경량비행장치,1차 드론,reviewed,수집 원본 기록
AIG20250000532020,드론,1차 드론,reviewed,수집 원본 기록
AIG20250000532020,초경량비행장치,1차 드론,reviewed,수집 원본 기록
AIG20250000532091,드론,1차 드론,reviewed,수집 원본 기록
AIG20250000532091,드론조종,1차 드론,reviewed,수집 원본 기록
AIG20250000532096,드론,1차 드론,reviewed,수집 원본 기록
AIG20250000532096,드론조종,1차 드론,reviewed,수집 원본 기록
AIG20250000532146,CAD,2차 기술,reviewed,수집 원본 기록
AIG20250000532456,CAD,2차 기술,reviewed,수집 원본 기록
AIG20250000532521,CAD,2차 기술,reviewed,수집 원본 기록
AIG20250000532566,C++,2차 기술,reviewed,수집 원본 기록
AIG20250000532702,드론,1차 드론,reviewed,수집 원본 기록
AIG20250000532702,드론조종,1차 드론,reviewed,수집 원본 기록
AIG20250000532702,초경량비행장치,1차 드론,reviewed,수집 원본 기록
AIG20250000532750,CAD,2차 기술,reviewed,수집 원본 기록
AIG20250000532751,CAD,2차 기술,reviewed,수집 원본 기록
AIG20250000532816,CAD,2차 기술,reviewed,수집 원본 기록
AIG20250000532918,CAD,2차 기술,reviewed,수집 원본 기록
AIG20250000533042,CAD,2차 기술,reviewed,수집 원본 기록
AIG20250000533138,CAD,2차 기술,reviewed,수집 원본 기록
AIG20250000533173,CAD,2차 기술,reviewed,수집 원본 기록
AIG20250000533304,C++,2차 기술,reviewed,수집 원본 기록
AIG20250000533696,드론,1차 드론,reviewed,수집 원본 기록
AIG20250000533696,드론조종,1차 드론,reviewed,수집 원본 기록
AIG20250000533696,초경량비행장치,1차 드론,reviewed,수집 원본 기록
AIG20250000533730,CATIA,2차 기술,reviewed,수집 원본 기록
AIG20250000533755,드론,1차 드론,reviewed,수집 원본 기록
AIG20250000533755,드론조종,1차 드론,reviewed,수집 원본 기록
AIG20250000533755,초경량비행장치,1차 드론,reviewed,수집 원본 기록
AIG20250000533785,초경량비행장치,1차 드론,reviewed,수집 원본 기록
AIG20250000533818,드론,1차 드론,reviewed,수집 원본 기록
AIG20250000533818,무인비행,1차 드론,reviewed,수집 원본 기록
AIG20250000533818,무인항공,1차 드론,reviewed,수집 원본 기록
AIG20250000533818,초경량비행장치,1차 드론,reviewed,수집 원본 기록
AIG20250000533871,드론,1차 드론,reviewed,수집 원본 기록
AIG20250000533871,무인비행,1차 드론,reviewed,수집 원본 기록
AIG20250000533871,무인항공,1차 드론,reviewed,수집 원본 기록
AIG20250000533871,초경량비행장치,1차 드론,reviewed,수집 원본 기록
AIG20250000533871,항공촬영,1차 드론,reviewed,수집 원본 기록
AIG20250000533925,무인비행,1차 드론,reviewed,수집 원본 기록
AIG20250000533925,초경량비행장치,1차 드론,reviewed,수집 원본 기록
AIG20250000533939,무인비행,1차 드론,reviewed,수집 원본 기록
AIG20250000533939,초경량비행장치,1차 드론,reviewed,수집 원본 기록
AIG20250000534031,CAD,2차 기술,reviewed,수집 원본 기록
AIG20250000534048,CAD,2차 기술,reviewed,수집 원본 기록
AIG20250000534324,CAD,2차 기술,reviewed,수집 원본 기록
AIG20250000534362,무인비행,1차 드론,reviewed,수집 원본 기록
AIG20250000534362,초경량비행장치,1차 드론,reviewed,수집 원본 기록
AIG20250000534491,CAD,2차 기술,reviewed,수집 원본 기록
AIG20250000534695,CAD,2차 기술,reviewed,수집 원본 기록
AIG20250000534832,CAD,2차 기술,reviewed,수집 원본 기록
AIG20250000534851,CAD,2차 기술,reviewed,수집 원본 기록
AIG20250000535131,CAD,2차 기술,reviewed,수집 원본 기록
AIG20250000535272,CAD,2차 기술,reviewed,수집 원본 기록
AIG20250000535466,드론,1차 드론,reviewed,수집 원본 기록
AIG20250000535755,CAD,2차 기술,reviewed,수집 원본 기록
AIG20250000535756,CAD,2차 기술,reviewed,수집 원본 기록
AIG20250000535769,드론,1차 드론,reviewed,수집 원본 기록
AIG20250000535815,CAD,2차 기술,reviewed,수집 원본 기록
AIG20250000535974,무인비행,1차 드론,reviewed,수집 원본 기록
AIG20250000535974,초경량비행장치,1차 드론,reviewed,수집 원본 기록
AIG20250000536056,드론,1차 드론,reviewed,수집 원본 기록
AIG20250000536111,드론,1차 드론,reviewed,수집 원본 기록
AIG20250000536277,드론,1차 드론,reviewed,수집 원본 기록
AIG20250000536277,드론조종,1차 드론,reviewed,수집 원본 기록
AIG20250000536277,무인비행,1차 드론,reviewed,수집 원본 기록
AIG20250000536277,초경량비행장치,1차 드론,reviewed,수집 원본 기록
AIG20250000536325,드론,1차 드론,reviewed,수집 원본 기록
AIG20250000536325,드론조종,1차 드론,reviewed,수집 원본 기록
AIG20250000536325,초경량비행장치,1차 드론,reviewed,수집 원본 기록
AIG20250000536356,CAD,2차 기술,reviewed,수집 원본 기록
AIG20250000536450,CAD,2차 기술,reviewed,수집 원본 기록
AIG20250000536452,CAD,2차 기술,reviewed,수집 원본 기록
AIG20250000536453,CAD,2차 기술,reviewed,수집 원본 기록
AIG20250000536454,CAD,2차 기술,reviewed,수집 원본 기록
AIG20250000536479,드론,1차 드론,reviewed,수집 원본 기록
AIG20250000536479,드론조종,1차 드론,reviewed,수집 원본 기록
AIG20250000536479,무인비행,1차 드론,reviewed,수집 원본 기록
AIG20250000536479,초경량비행장치,1차 드론,reviewed,수집 원본 기록
AIG20250000536513,CAD,2차 기술,reviewed,수집 원본 기록
AIG20250000536516,CAD,2차 기술,reviewed,수집 원본 기록
AIG20250000536518,CAD,2차 기술,reviewed,수집 원본 기록
AIG20250000536681,드론,1차 드론,reviewed,수집 원본 기록
AIG20250000539903,드론,1차 드론,reviewed,수집 원본 기록
AIG20250000539926,드론,1차 드론,reviewed,수집 원본 기록
AIG20250000540125,CAD,2차 기술,reviewed,수집 원본 기록
AIG20250000540195,CAD,2차 기술,reviewed,수집 원본 기록
AIG20250000540541,CAD,2차 기술,reviewed,수집 원본 기록
AIG20250000541026,초경량비행장치,1차 드론,reviewed,수집 원본 기록
AIG20250000541132,CAD,2차 기술,reviewed,수집 원본 기록
AIG20250000541147,CAD,2차 기술,reviewed,수집 원본 기록
AIG20250000541373,CAD,2차 기술,reviewed,수집 원본 기록
AIG20250000541375,CAD,2차 기술,reviewed,수집 원본 기록
AIG20250000541375,SolidWorks,2차 기술,reviewed,수집 원본 기록
AIG20250000541416,CAD,2차 기술,reviewed,수집 원본 기록
AIG20250000541521,CAD,2차 기술,reviewed,수집 원본 기록
AIG20250000541525,CAD,2차 기술,reviewed,수집 원본 기록
AIG20250000541576,CAD,2차 기술,reviewed,수집 원본 기록
AIG20250000541576,SolidWorks,2차 기술,reviewed,수집 원본 기록
AIG20250000541586,CAD,2차 기술,reviewed,수집 원본 기록
AIG20250000541586,SolidWorks,2차 기술,reviewed,수집 원본 기록
AIG20250000541589,CAD,2차 기술,reviewed,수집 원본 기록
AIG20250000541635,CAD,2차 기술,reviewed,수집 원본 기록
AIG20250000541636,CAD,2차 기술,reviewed,수집 원본 기록
AIG20250000541682,CAD,2차 기술,reviewed,수집 원본 기록
AIG20250000541693,CAD,2차 기술,reviewed,수집 원본 기록
AIG20250000541712,CAD,2차 기술,reviewed,수집 원본 기록
AIG20250000541741,CAD,2차 기술,reviewed,수집 원본 기록
AIG20250000541745,CAD,2차 기술,reviewed,수집 원본 기록
AIG20250000541750,CAD,2차 기술,reviewed,수집 원본 기록
AIG20250000541774,CAD,2차 기술,reviewed,수집 원본 기록
AIG20250000541775,CAD,2차 기술,reviewed,수집 원본 기록
AIG20250000541794,CAD,2차 기술,reviewed,수집 원본 기록
AIG20250000541796,CAD,2차 기술,reviewed,수집 원본 기록
AIG20250000541797,CAD,2차 기술,reviewed,수집 원본 기록
AIG20250000541815,CAD,2차 기술,reviewed,수집 원본 기록
AIG20250000541816,CAD,2차 기술,reviewed,수집 원본 기록
AIG20250000541934,CAD,2차 기술,reviewed,수집 원본 기록
AIG20250000542089,CAD,2차 기술,reviewed,수집 원본 기록
AIG20250000542245,CAD,2차 기술,reviewed,수집 원본 기록
AIG20250000542370,CAD,2차 기술,reviewed,수집 원본 기록
AIG20250000542380,CAD,2차 기술,reviewed,수집 원본 기록
AIG20250000542461,CAD,2차 기술,reviewed,수집 원본 기록
AIG20250000542552,CAD,2차 기술,reviewed,수집 원본 기록
AIG20250000542576,CAD,2차 기술,reviewed,수집 원본 기록
AIG20250000542619,CAD,2차 기술,reviewed,수집 원본 기록
AIG20250000542620,CAD,2차 기술,reviewed,수집 원본 기록
AIG20250000542771,CAD,2차 기술,reviewed,수집 원본 기록
AIG20250000542772,CAD,2차 기술,reviewed,수집 원본 기록
AIG20250000542938,CAD,2차 기술,reviewed,수집 원본 기록
AIG20250000542939,CAD,2차 기술,reviewed,수집 원본 기록
AIG20250000543016,CAD,2차 기술,reviewed,수집 원본 기록
AIG20250000543017,CAD,2차 기술,reviewed,수집 원본 기록
AIG20250000543026,CAD,2차 기술,reviewed,수집 원본 기록
AIG20250000543042,CAD,2차 기술,reviewed,수집 원본 기록
AIG20253001085938,드론,1차 드론,reviewed,수집 원본 기록
AIG20253001085939,드론,1차 드론,reviewed,수집 원본 기록
AIG20253001086501,드론,1차 드론,reviewed,수집 원본 기록
AIG20253001086736,CAD,2차 기술,reviewed,수집 원본 기록
AIG20253001086751,CAD,2차 기술,reviewed,수집 원본 기록
AIG20253001086758,드론,1차 드론,reviewed,수집 원본 기록
AIG20253001086758,드론제작,2차 기술,reviewed,수집 원본 기록
AIG20253001090901,CAD,2차 기술,reviewed,수집 원본 기록
AIG20253001093131,드론,1차 드론,reviewed,수집 원본 기록
AIG20253001093266,드론,1차 드론,reviewed,수집 원본 기록
AIG20253001094079,드론,1차 드론,reviewed,수집 원본 기록
AIG20253001098788,CAD,2차 기술,reviewed,수집 원본 기록
AIG20253001102199,CAD,2차 기술,reviewed,수집 원본 기록
AIG20253001102862,CAD,2차 기술,reviewed,수집 원본 기록
AIG20253001102862,CATIA,2차 기술,reviewed,수집 원본 기록
AIG20253001107498,CAD,2차 기술,reviewed,수집 원본 기록
AIG20253001110873,드론,1차 드론,reviewed,수집 원본 기록
AIG20253001112636,CAD,2차 기술,reviewed,수집 원본 기록
AIG20253001112703,CAD,2차 기술,reviewed,수집 원본 기록
AIG20253001121476,드론,1차 드론,reviewed,수집 원본 기록
AIG20253001121514,항공촬영,1차 드론,reviewed,수집 원본 기록
AIG20253001127137,CAD,2차 기술,reviewed,수집 원본 기록
AIG20253001127150,드론,1차 드론,reviewed,수집 원본 기록
AIG20253001127848,CAD,2차 기술,reviewed,수집 원본 기록
AIG20253001130241,기구설계,2차 기술,reviewed,수집 원본 기록
AIG20253001131629,ROS2,2차 기술,reviewed,수집 원본 기록
AIG20253001137336,CAD,2차 기술,reviewed,수집 원본 기록
AIG20253001138437,CAD,2차 기술,reviewed,수집 원본 기록
AIG20253001140115,CAD,2차 기술,reviewed,수집 원본 기록
AIG20260000543274,CAD,2차 기술,reviewed,수집 원본 기록
AIG20260000543299,드론,1차 드론,reviewed,수집 원본 기록
AIG20260000543471,CAD,2차 기술,reviewed,수집 원본 기록
AIG20260000543485,CAD,2차 기술,reviewed,수집 원본 기록
AIG20260000543485,SolidWorks,2차 기술,reviewed,수집 원본 기록
AIG20260000543863,CAD,2차 기술,reviewed,수집 원본 기록
AIG20260000544420,CAD,2차 기술,reviewed,수집 원본 기록
AIG20260000544820,CAD,2차 기술,reviewed,수집 원본 기록
AIG20260000545008,CAD,2차 기술,reviewed,수집 원본 기록
AIG20260000545039,CAD,2차 기술,reviewed,수집 원본 기록
AIG20260000545210,드론,1차 드론,reviewed,수집 원본 기록
AIG20260000545210,초경량비행장치,1차 드론,reviewed,수집 원본 기록
AIG20260000545233,CAD,2차 기술,reviewed,수집 원본 기록
AIG20260000545475,CAD,2차 기술,reviewed,수집 원본 기록
AIG20260000545550,CAD,2차 기술,reviewed,수집 원본 기록
AIG20260000545672,CAD,2차 기술,reviewed,수집 원본 기록
AIG20260000545697,CAD,2차 기술,reviewed,수집 원본 기록
AIG20260000545759,드론,1차 드론,reviewed,수집 원본 기록
AIG20260000545759,무인비행,1차 드론,reviewed,수집 원본 기록
AIG20260000545759,초경량비행장치,1차 드론,reviewed,수집 원본 기록
AIG20260000545764,드론,1차 드론,reviewed,수집 원본 기록
AIG20260000545764,무인비행,1차 드론,reviewed,수집 원본 기록
AIG20260000545764,초경량비행장치,1차 드론,reviewed,수집 원본 기록
AIG20260000545771,CAD,2차 기술,reviewed,수집 원본 기록
AIG20260000545787,CAD,2차 기술,reviewed,수집 원본 기록
AIG20260000546027,CAD,2차 기술,reviewed,수집 원본 기록
AIG20260000546033,CAD,2차 기술,reviewed,수집 원본 기록
AIG20260000546232,CAD,2차 기술,reviewed,수집 원본 기록
AIG20260000546232,SolidWorks,2차 기술,reviewed,수집 원본 기록
AIG20260000546295,CAD,2차 기술,reviewed,수집 원본 기록
AIG20260000546363,CAD,2차 기술,reviewed,수집 원본 기록
AIG20260000546982,CAD,2차 기술,reviewed,수집 원본 기록
AIG20260000547073,CAD,2차 기술,reviewed,수집 원본 기록
AIG20260000547148,CAD,2차 기술,reviewed,수집 원본 기록
AIG20260000547151,드론,1차 드론,reviewed,수집 원본 기록
AIG20260000547151,드론조종,1차 드론,reviewed,수집 원본 기록
AIG20260000547151,초경량비행장치,1차 드론,reviewed,수집 원본 기록
AIG20260000547151,VTOL,2차 기술,reviewed,수집 원본 기록
AIG20260000547213,드론,1차 드론,reviewed,수집 원본 기록
AIG20260000547213,드론조종,1차 드론,reviewed,수집 원본 기록
AIG20260000547213,초경량비행장치,1차 드론,reviewed,수집 원본 기록
AIG20260000547213,VTOL,2차 기술,reviewed,수집 원본 기록
AIG20260000579657,임베디드,2차 기술,reviewed,수집 원본 기록
AIG20260000580425,임베디드,2차 기술,reviewed,수집 원본 기록
AIG20260000581176,CAD,2차 기술,reviewed,수집 원본 기록
AIG20260000581186,CAD,2차 기술,reviewed,수집 원본 기록
AIG20263001193252,CAD,2차 기술,reviewed,수집 원본 기록
AIG20263001247924,드론,1차 드론,reviewed,수집 원본 기록
AIG20263001247924,드론제작,2차 기술,reviewed,수집 원본 기록
AIG20263001258359,드론,1차 드론,reviewed,수집 원본 기록
AIG20263001258359,드론조종,1차 드론,reviewed,수집 원본 기록
AIG20263001265349,CAD,2차 기술,reviewed,수집 원본 기록
AIG20263001276598,CAD,2차 기술,reviewed,수집 원본 기록
AIG20263001276855,CAD,2차 기술,reviewed,수집 원본 기록
AIG20263001280474,CAD,2차 기술,reviewed,수집 원본 기록
AIG20263001294040,CAD,2차 기술,reviewed,수집 원본 기록
AIG20263001301802,CAD,2차 기술,reviewed,수집 원본 기록
AIG20263001302909,CAD,2차 기술,reviewed,수집 원본 기록
AIG20263001303135,드론,1차 드론,reviewed,수집 원본 기록
AIG20263001304174,CAD,2차 기술,reviewed,수집 원본 기록
AIG20263001327288,CAD,2차 기술,reviewed,수집 원본 기록
AIG20263001327525,CAD,2차 기술,reviewed,수집 원본 기록
AIG20263001327525,기구설계,2차 기술,reviewed,수집 원본 기록
AIG20263001327564,기구설계,2차 기술,reviewed,수집 원본 기록
AIG20263001328668,드론,1차 드론,reviewed,수집 원본 기록
AIG20263001328953,CATIA,2차 기술,reviewed,수집 원본 기록
AIG20263001335582,CAD,2차 기술,reviewed,수집 원본 기록
AIG20263001335582,CATIA,2차 기술,reviewed,수집 원본 기록
AIG20263001336353,CAD,2차 기술,reviewed,수집 원본 기록
AIG20263001344721,드론,1차 드론,reviewed,수집 원본 기록
AIG20263001344721,자율비행,2차 기술,reviewed,수집 원본 기록
AIG20263001344830,드론,1차 드론,reviewed,수집 원본 기록
AIG20263001344867,CAD,2차 기술,reviewed,수집 원본 기록
AIG20263001345190,드론,1차 드론,reviewed,수집 원본 기록
AIG20263001359663,드론,1차 드론,reviewed,수집 원본 기록
AIG20263001361326,드론,1차 드론,reviewed,수집 원본 기록
AIG20263001384394,드론,1차 드론,reviewed,수집 원본 기록
AIG20263001406285,CAD,2차 기술,reviewed,수집 원본 기록
AIG20263001410639,CAD,2차 기술,reviewed,수집 원본 기록
AIG20263001425858,드론,1차 드론,reviewed,수집 원본 기록
AIG20263001425858,드론제작,2차 기술,reviewed,수집 원본 기록
AIG20263001426087,CAD,2차 기술,reviewed,수집 원본 기록
AIG20263001458306,CAD,2차 기술,reviewed,수집 원본 기록
AVA20253001112867,드론,1차 드론,reviewed,수집 원본 기록
AVA20253001112883,드론,1차 드론,reviewed,수집 원본 기록
AVA20253001112883,드론조종,1차 드론,reviewed,수집 원본 기록
AVA20253001112883,초경량비행장치,1차 드론,reviewed,수집 원본 기록
AVA20253001130841,SolidWorks,2차 기술,reviewed,수집 원본 기록
AVA20263001321903,드론,1차 드론,reviewed,수집 원본 기록
