posting_id,employer_name,company_id,company_name,match_method,candidates,evidence_url,review_status,review_note
JOB_49713038,풍산,CMP0252,풍산,exact_name,,https://www.jobkorea.co.kr/Recruit/GI_Read/49713038?Oem_Code=C900&api=592,draft,
JOB_49713064,풍산,CMP0252,풍산,exact_name,,https://www.jobkorea.co.kr/Recruit/GI_Read/49713064?Oem_Code=C900&api=592,draft,
JOB_49713071,풍산,CMP0252,풍산,exact_name,,https://www.jobkorea.co.kr/Recruit/GI_Read/49713071?Oem_Code=C900&api=592,draft,
JOB_49713079,풍산,CMP0252,풍산,exact_name,,https://www.jobkorea.co.kr/Recruit/GI_Read/49713079?Oem_Code=C900&api=592,draft,
JOB_49713087,풍산,CMP0252,풍산,exact_name,,https://www.jobkorea.co.kr/Recruit/GI_Read/49713087?Oem_Code=C900&api=592,draft,
JOB_49713094,풍산,CMP0252,풍산,exact_name,,https://www.jobkorea.co.kr/Recruit/GI_Read/49713094?Oem_Code=C900&api=592,draft,
JOB_49819175,아크로사,,,none,,https://www.jobkorea.co.kr/Recruit/GI_Read/49819175?Oem_Code=C900&api=592,draft,
JOB_49844334,다원솔루텍,,,none,,https://www.jobkorea.co.kr/Recruit/GI_Read/49844334?Oem_Code=C900&api=592,draft,
JOB_49865329,프리뉴,CMP0254,프리뉴,exact_name,,https://www.jobkorea.co.kr/Recruit/GI_Read/49865329?Oem_Code=C900&api=592,draft,
JOB_49893527,모빌리티랩,,,none,,https://www.jobkorea.co.kr/Recruit/GI_Read/49893527?Oem_Code=C900&api=592,draft,
JOB_49899071,헬셀,CMP0290,헬셀,exact_name,,https://www.jobkorea.co.kr/Recruit/GI_Read/49899071?Oem_Code=C900&api=592,draft,
JOB_49913994,태경전자,CMP0239,태경전자,exact_name,,https://www.jobkorea.co.kr/Recruit/GI_Read/49913994?Oem_Code=C900&api=592,draft,
JOB_49933088,리포나,,,none,,https://www.jobkorea.co.kr/Recruit/GI_Read/49933088?Oem_Code=C900&api=592,draft,
JOB_49940210,아이온,,,none,,https://www.jobkorea.co.kr/Recruit/GI_Read/49940210?Oem_Code=C900&api=592,draft,
JOB_49955059,에이럭스,,,none,,https://www.jobkorea.co.kr/Recruit/GI_Read/49955059?Oem_Code=C900&api=592,draft,
JOB_49955114,에이럭스,,,none,,https://www.jobkorea.co.kr/Recruit/GI_Read/49955114?Oem_Code=C900&api=592,draft,
JOB_49955170,에이럭스,,,none,,https://www.jobkorea.co.kr/Recruit/GI_Read/49955170?Oem_Code=C900&api=592,draft,
JOB_49960036,프리뉴,CMP0254,프리뉴,exact_name,,https://www.jobkorea.co.kr/Recruit/GI_Read/49960036?Oem_Code=C900&api=592,draft,
JOB_49982623,패리티,,,none,,https://www.jobkorea.co.kr/Recruit/GI_Read/49982623?Oem_Code=C900&api=592,draft,
JOB_49994334,케이프로시스템,CMP0231,케이프로시스템,exact_name,,https://www.jobkorea.co.kr/Recruit/GI_Read/49994334?Oem_Code=C900&api=592,draft,
JOB_49994716,데이터디자인엔지니어링,,,none,,https://www.jobkorea.co.kr/Recruit/GI_Read/49994716?Oem_Code=C900&api=592,draft,
JOB_49994720,데이터디자인엔지니어링,,,none,,https://www.jobkorea.co.kr/Recruit/GI_Read/49994720?Oem_Code=C900&api=592,draft,
JOB_50000499,아크로사,,,none,,https://www.jobkorea.co.kr/Recruit/GI_Read/50000499?Oem_Code=C900&api=592,draft,
SAR_54535195,에코로보텍,,,none,,https://www.saramin.co.kr/zf_user/jobs/relay/view?view_type=search&rec_idx=54535195&location=ts&searchword=%EB%93%9C%EB%A1%A0&searchType=search&paid_fl=n&search_uuid=fac25325-6acf-4bfe-8e37-632f5645857a,draft,
SAR_54536254,에이스드론,CMP0174,에이스드론,exact_name,,https://www.saramin.co.kr/zf_user/jobs/relay/view?view_type=search&rec_idx=54536254&location=ts&searchword=%EB%93%9C%EB%A1%A0&searchType=search&paid_fl=n&search_uuid=fac25325-6acf-4bfe-8e37-632f5645857a,draft,
SAR_54551832,케이테크,,,none,,https://www.saramin.co.kr/zf_user/jobs/relay/view?view_type=search&rec_idx=54551832&location=ts&searchword=%EB%93%9C%EB%A1%A0&searchType=search&paid_fl=n&search_uuid=e4f73fea-3c0a-4dd3-8cbe-95493b462b62,draft,
SAR_54573586,엠지아이티,,,none,,https://www.saramin.co.kr/zf_user/jobs/relay/view?view_type=search&rec_idx=54573586&location=ts&searchword=%EB%93%9C%EB%A1%A0&searchType=search&paid_fl=n&search_uuid=fac25325-6acf-4bfe-8e37-632f5645857a,draft,
SAR_54583228,대천농기계,,,none,,https://www.saramin.co.kr/zf_user/jobs/relay/view?view_type=search&rec_idx=54583228&location=ts&searchword=%EB%93%9C%EB%A1%A0&searchType=search&paid_fl=n&search_uuid=fac25325-6acf-4bfe-8e37-632f5645857a,draft,
SAR_54583261,대천농기계,,,none,,https://www.saramin.co.kr/zf_user/jobs/relay/view?view_type=search&rec_idx=54583261&location=ts&searchword=%EB%93%9C%EB%A1%A0&searchType=search&paid_fl=n&search_uuid=fac25325-6acf-4bfe-8e37-632f5645857a,draft,
SAR_54585688,프리뉴,CMP0254,프리뉴,exact_name,,https://www.saramin.co.kr/zf_user/jobs/relay/view?view_type=search&rec_idx=54585688&location=ts&searchword=%EB%93%9C%EB%A1%A0&searchType=search&paid_fl=n&search_uuid=e4f73fea-3c0a-4dd3-8cbe-95493b462b62,draft,
SAR_54586416,다온아이앤씨,CMP0039,다온아이앤씨,exact_name,,https://www.saramin.co.kr/zf_user/jobs/relay/view?view_type=search&rec_idx=54586416&location=ts&searchword=%EB%93%9C%EB%A1%A0&searchType=search&paid_fl=n&search_uuid=fac25325-6acf-4bfe-8e37-632f5645857a,draft,
SAR_54622417,엠지아이티,,,none,,https://www.saramin.co.kr/zf_user/jobs/relay/view?view_type=search&rec_idx=54622417&location=ts&searchword=%EB%93%9C%EB%A1%A0&searchType=search&paid_fl=n&search_uuid=1140ba88-2c6e-4ad8-8abb-b2fbb48b31d5,draft,
SAR_54623164,파이온시스템즈,CMP0243,파이온시스템즈,exact_name,,https://www.saramin.co.kr/zf_user/jobs/relay/view?view_type=search&rec_idx=54623164&location=ts&searchword=%EB%93%9C%EB%A1%A0&searchType=search&paid_fl=n&search_uuid=1140ba88-2c6e-4ad8-8abb-b2fbb48b31d5,draft,
SAR_54632689,와우미래기술,CMP0196,와우미래기술,exact_name,,https://www.saramin.co.kr/zf_user/jobs/relay/view?view_type=search&rec_idx=54632689&location=ts&searchword=%EB%93%9C%EB%A1%A0&searchType=search&paid_fl=n&search_uuid=fac25325-6acf-4bfe-8e37-632f5645857a,draft,
SAR_54643517,모빌리티랩,,,none,,https://www.saramin.co.kr/zf_user/jobs/relay/view?view_type=search&rec_idx=54643517&location=ts&searchword=%EB%93%9C%EB%A1%A0&searchType=search&paid_fl=n&search_uuid=e4f73fea-3c0a-4dd3-8cbe-95493b462b62,draft,
SAR_54646364,풍산,CMP0252,풍산,exact_name,,https://www.saramin.co.kr/zf_user/jobs/relay/view?view_type=search&rec_idx=54646364&location=ts&searchword=%EB%93%9C%EB%A1%A0&searchType=search&paid_fl=n&search_uuid=e4f73fea-3c0a-4dd3-8cbe-95493b462b62,draft,
SAR_54659761,화인코왁,,,none,,https://www.saramin.co.kr/zf_user/jobs/relay/view?view_type=search&rec_idx=54659761&location=ts&searchword=%EB%93%9C%EB%A1%A0&searchType=search&paid_fl=n&search_uuid=00dfea56-5a93-476f-8eb1-5072f66504f2,draft,
SAR_54659774,파블로항공,CMP0242,파블로항공,exact_name,,https://www.saramin.co.kr/zf_user/jobs/relay/view?view_type=search&rec_idx=54659774&location=ts&searchword=%ED%8C%8C%EB%B8%94%EB%A1%9C%ED%95%AD%EA%B3%B5+%EB%93%9C%EB%A1%A0&searchType=search&paid_fl=n&search_uuid=e5ac6382-efcc-4ddc-bb78-7a9966a01c18,draft,
SAR_54659785,화인코왁,,,none,,https://www.saramin.co.kr/zf_user/jobs/relay/view?view_type=search&rec_idx=54659785&location=ts&searchword=%EB%93%9C%EB%A1%A0&searchType=search&paid_fl=n&search_uuid=da4f4f69-f654-40a0-8d80-f64210802a29,draft,
SAR_54659796,화인코왁,,,none,,https://www.saramin.co.kr/zf_user/jobs/relay/view?view_type=search&rec_idx=54659796&location=ts&searchword=%EB%93%9C%EB%A1%A0&searchType=search&paid_fl=n&search_uuid=00dfea56-5a93-476f-8eb1-5072f66504f2,draft,
SAR_54663935,케이(K)드론,,,none,,https://www.saramin.co.kr/zf_user/jobs/relay/view?view_type=search&rec_idx=54663935&location=ts&searchword=%EB%93%9C%EB%A1%A0&searchType=search&paid_fl=n&search_uuid=1140ba88-2c6e-4ad8-8abb-b2fbb48b31d5,draft,
SAR_54681373,대한이앤씨,,,none,,https://www.saramin.co.kr/zf_user/jobs/relay/view?view_type=search&rec_idx=54681373&location=ts&searchword=%EB%93%9C%EB%A1%A0&searchType=search&paid_fl=n&search_uuid=e4f73fea-3c0a-4dd3-8cbe-95493b462b62,draft,
SAR_54694482,그리폰다이나믹스,CMP0020,그리폰다이나믹스,exact_name,,https://www.saramin.co.kr/zf_user/jobs/relay/view?view_type=search&rec_idx=54694482&location=ts&searchword=%EB%93%9C%EB%A1%A0&searchType=search&paid_fl=n&search_uuid=fac25325-6acf-4bfe-8e37-632f5645857a,draft,
SAR_54708677,프리뉴,CMP0254,프리뉴,exact_name,,https://www.saramin.co.kr/zf_user/jobs/relay/view?view_type=search&rec_idx=54708677&location=ts&searchword=%EB%93%9C%EB%A1%A0&searchType=search&paid_fl=n&search_uuid=fac25325-6acf-4bfe-8e37-632f5645857a,draft,
SAR_54708690,프리뉴,CMP0254,프리뉴,exact_name,,https://www.saramin.co.kr/zf_user/jobs/relay/view?view_type=search&rec_idx=54708690&location=ts&searchword=%EB%93%9C%EB%A1%A0&searchType=search&paid_fl=n&search_uuid=fac25325-6acf-4bfe-8e37-632f5645857a,draft,
SAR_54742633,시프트다이나믹스,,,none,,https://www.saramin.co.kr/zf_user/jobs/relay/view?view_type=search&rec_idx=54742633&location=ts&searchword=%EB%93%9C%EB%A1%A0&searchType=search&paid_fl=n&search_uuid=00dfea56-5a93-476f-8eb1-5072f66504f2,draft,
SAR_54742673,시프트다이나믹스,,,none,,https://www.saramin.co.kr/zf_user/jobs/relay/view?view_type=search&rec_idx=54742673&location=ts&searchword=%EB%93%9C%EB%A1%A0&searchType=search&paid_fl=n&search_uuid=00dfea56-5a93-476f-8eb1-5072f66504f2,draft,
SAR_54770502,와이즈교육,,,none,,https://www.saramin.co.kr/zf_user/jobs/relay/view?view_type=search&rec_idx=54770502&location=ts&searchword=%EB%93%9C%EB%A1%A0&searchType=search&paid_fl=n&search_uuid=1140ba88-2c6e-4ad8-8abb-b2fbb48b31d5,draft,
SAR_54773198,네패르,,,none,,https://www.saramin.co.kr/zf_user/jobs/relay/view?view_type=search&rec_idx=54773198&location=ts&searchword=%EB%93%9C%EB%A1%A0&searchType=search&paid_fl=n&search_uuid=e4f73fea-3c0a-4dd3-8cbe-95493b462b62,draft,
SAR_54781970,대용,,,none,,https://www.saramin.co.kr/zf_user/jobs/relay/view?view_type=search&rec_idx=54781970&location=ts&searchword=%EB%93%9C%EB%A1%A0&searchType=search&paid_fl=n&search_uuid=fac25325-6acf-4bfe-8e37-632f5645857a,draft,
SAR_54782418,나르마,CMP0026,나르마,exact_name,,https://www.saramin.co.kr/zf_user/jobs/relay/view?view_type=search&rec_idx=54782418&location=ts&searchword=%EB%93%9C%EB%A1%A0&searchType=search&paid_fl=n&search_uuid=e4f73fea-3c0a-4dd3-8cbe-95493b462b62,draft,
SAR_54782754,아주실업,,,none,,https://www.saramin.co.kr/zf_user/jobs/relay/view?view_type=search&rec_idx=54782754&location=ts&searchword=%EB%93%9C%EB%A1%A0&searchType=search&paid_fl=n&search_uuid=00dfea56-5a93-476f-8eb1-5072f66504f2,draft,
SAR_54786041,연안관리기술연구소,,,none,,https://www.saramin.co.kr/zf_user/jobs/relay/view?view_type=search&rec_idx=54786041&location=ts&searchword=%EB%93%9C%EB%A1%A0&searchType=search&paid_fl=n&search_uuid=e4f73fea-3c0a-4dd3-8cbe-95493b462b62,draft,
SAR_54787231,데이터디자인엔지니어링,,,none,,https://www.saramin.co.kr/zf_user/jobs/relay/view?view_type=search&rec_idx=54787231&location=ts&searchword=%EB%93%9C%EB%A1%A0&searchType=search&paid_fl=n&search_uuid=e4f73fea-3c0a-4dd3-8cbe-95493b462b62,draft,
SAR_54794551,그리폰다이나믹스,CMP0020,그리폰다이나믹스,exact_name,,https://www.saramin.co.kr/zf_user/jobs/relay/view?view_type=search&rec_idx=54794551&location=ts&searchword=%EB%93%9C%EB%A1%A0&searchType=search&paid_fl=n&search_uuid=e4f73fea-3c0a-4dd3-8cbe-95493b462b62,draft,
SAR_54799206,다온아이앤씨,CMP0039,다온아이앤씨,exact_name,,https://www.saramin.co.kr/zf_user/jobs/relay/view?view_type=search&rec_idx=54799206&location=ts&searchword=%EB%93%9C%EB%A1%A0&searchType=search&paid_fl=n&search_uuid=e4f73fea-3c0a-4dd3-8cbe-95493b462b62,draft,
SAR_54801514,드론메이커스,,,none,,https://www.saramin.co.kr/zf_user/jobs/relay/view?view_type=search&rec_idx=54801514&location=ts&searchword=%EB%93%9C%EB%A1%A0&searchType=search&paid_fl=n&search_uuid=e4f73fea-3c0a-4dd3-8cbe-95493b462b62,draft,
SAR_54802679,미온포레스트(MiONForestCorp.),,,none,,https://www.saramin.co.kr/zf_user/jobs/relay/view?view_type=search&rec_idx=54802679&location=ts&searchword=%EB%93%9C%EB%A1%A0&searchType=search&paid_fl=n&search_uuid=e4f73fea-3c0a-4dd3-8cbe-95493b462b62,draft,
SAR_54805687,프리뉴,CMP0254,프리뉴,exact_name,,https://www.saramin.co.kr/zf_user/jobs/relay/view?view_type=search&rec_idx=54805687&location=ts&searchword=%EB%93%9C%EB%A1%A0&searchType=search&paid_fl=n&search_uuid=e4f73fea-3c0a-4dd3-8cbe-95493b462b62,draft,
SAR_54812157,선우,,,none,,https://www.saramin.co.kr/zf_user/jobs/relay/view?view_type=search&rec_idx=54812157&location=ts&searchword=%EB%93%9C%EB%A1%A0&searchType=search&paid_fl=n&search_uuid=1140ba88-2c6e-4ad8-8abb-b2fbb48b31d5,draft,
SAR_54813336,제이와이시스템,CMP0221,제이와이시스템,exact_name,,https://www.saramin.co.kr/zf_user/jobs/relay/view?view_type=search&rec_idx=54813336&location=ts&searchword=%EB%93%9C%EB%A1%A0&searchType=search&paid_fl=n&search_uuid=e4f73fea-3c0a-4dd3-8cbe-95493b462b62,draft,
SAR_54815550,케이테크,,,none,,https://www.saramin.co.kr/zf_user/jobs/relay/view?view_type=search&rec_idx=54815550&location=ts&searchword=%EB%93%9C%EB%A1%A0&searchType=search&paid_fl=n&search_uuid=1140ba88-2c6e-4ad8-8abb-b2fbb48b31d5,draft,
SAR_54823087,코세코,CMP0235,코세코,exact_name,,https://www.saramin.co.kr/zf_user/jobs/relay/view?view_type=search&rec_idx=54823087&location=ts&searchword=%EB%93%9C%EB%A1%A0&searchType=search&paid_fl=n&search_uuid=fac25325-6acf-4bfe-8e37-632f5645857a,draft,
SAR_54834065,디제이아이테크놀로지코리아,,,none,,https://www.saramin.co.kr/zf_user/jobs/relay/view?view_type=search&rec_idx=54834065&location=ts&searchword=%EB%93%9C%EB%A1%A0&searchType=search&paid_fl=n&search_uuid=fac25325-6acf-4bfe-8e37-632f5645857a,draft,
SAR_54834503,라이트모형,,,none,,https://www.saramin.co.kr/zf_user/jobs/relay/view?view_type=search&rec_idx=54834503&location=ts&searchword=%EB%93%9C%EB%A1%A0&searchType=search&paid_fl=n&search_uuid=1140ba88-2c6e-4ad8-8abb-b2fbb48b31d5,draft,
SAR_54841559,게이트비젼,,,none,,https://www.saramin.co.kr/zf_user/jobs/relay/view?view_type=search&rec_idx=54841559&location=ts&searchword=%EB%93%9C%EB%A1%A0&searchType=search&paid_fl=n&search_uuid=fac25325-6acf-4bfe-8e37-632f5645857a,draft,
SAR_54842647,게이트비젼,,,none,,https://www.saramin.co.kr/zf_user/jobs/relay/view?view_type=search&rec_idx=54842647&location=ts&searchword=%EB%93%9C%EB%A1%A0&searchType=search&paid_fl=n&search_uuid=8097d250-43b3-4a71-88b2-f5db61abd03c,draft,
SAR_54855139,단디(Dandi),,,none,,https://www.saramin.co.kr/zf_user/jobs/relay/view?view_type=search&rec_idx=54855139&location=ts&searchword=%EB%93%9C%EB%A1%A0&searchType=search&paid_fl=n&search_uuid=2cf8010e-2b72-4def-88ee-91764d84e6dd,draft,
SAR_54855373,둠둠,,,none,,https://www.saramin.co.kr/zf_user/jobs/relay/view?view_type=search&rec_idx=54855373&location=ts&searchword=%EB%93%9C%EB%A1%A0&searchType=search&paid_fl=n&search_uuid=e4f73fea-3c0a-4dd3-8cbe-95493b462b62,draft,
SAR_54868174,니어스랩,CMP0037,니어스랩,exact_name,,https://www.saramin.co.kr/zf_user/jobs/relay/view?view_type=search&rec_idx=54868174&location=ts&searchword=%EB%93%9C%EB%A1%A0&searchType=search&paid_fl=n&search_uuid=fac25325-6acf-4bfe-8e37-632f5645857a,draft,
SAR_54868194,니어스랩,CMP0037,니어스랩,exact_name,,https://www.saramin.co.kr/zf_user/jobs/relay/view?view_type=search&rec_idx=54868194&location=ts&searchword=%EB%8B%88%EC%96%B4%EC%8A%A4%EB%9E%A9+%EB%93%9C%EB%A1%A0&searchType=search&paid_fl=n&search_uuid=3348b6ac-bb0d-42ba-98b0-af1947aad547,draft,
SAR_54868217,니어스랩,CMP0037,니어스랩,exact_name,,https://www.saramin.co.kr/zf_user/jobs/relay/view?view_type=search&rec_idx=54868217&location=ts&searchword=%EB%93%9C%EB%A1%A0&searchType=search&paid_fl=n&search_uuid=fac25325-6acf-4bfe-8e37-632f5645857a,draft,
SAR_54868236,니어스랩,CMP0037,니어스랩,exact_name,,https://www.saramin.co.kr/zf_user/jobs/relay/view?view_type=search&rec_idx=54868236&location=ts&searchword=%EB%93%9C%EB%A1%A0&searchType=search&paid_fl=n&search_uuid=fac25325-6acf-4bfe-8e37-632f5645857a,draft,
SAR_54868383,니어스랩,CMP0037,니어스랩,exact_name,,https://www.saramin.co.kr/zf_user/jobs/relay/view?view_type=search&rec_idx=54868383&location=ts&searchword=%ED%95%9C%EA%B5%AD%ED%95%AD%EA%B3%B5%EC%9A%B0%EC%A3%BC%EC%82%B0%EC%97%85%28KAI%29+%EB%93%9C%EB%A1%A0&searchType=search&paid_fl=n&search_uuid=a2d29763-6354-48c1-9e02-d7212b5cc593,draft,
SAR_54868408,니어스랩,CMP0037,니어스랩,exact_name,,https://www.saramin.co.kr/zf_user/jobs/relay/view?view_type=search&rec_idx=54868408&location=ts&searchword=%EB%93%9C%EB%A1%A0&searchType=search&paid_fl=n&search_uuid=2cf8010e-2b72-4def-88ee-91764d84e6dd,draft,
SAR_54868449,니어스랩,CMP0037,니어스랩,exact_name,,https://www.saramin.co.kr/zf_user/jobs/relay/view?view_type=search&rec_idx=54868449&location=ts&searchword=%EB%93%9C%EB%A1%A0&searchType=search&paid_fl=n&search_uuid=fac25325-6acf-4bfe-8e37-632f5645857a,draft,
SAR_54868472,니어스랩,CMP0037,니어스랩,exact_name,,https://www.saramin.co.kr/zf_user/jobs/relay/view?view_type=search&rec_idx=54868472&location=ts&searchword=%ED%95%9C%EA%B5%AD%ED%95%AD%EA%B3%B5%EC%9A%B0%EC%A3%BC%EC%82%B0%EC%97%85%28KAI%29+%EB%93%9C%EB%A1%A0&searchType=search&paid_fl=n&search_uuid=a2d29763-6354-48c1-9e02-d7212b5cc593,draft,
SAR_54868483,니어스랩,CMP0037,니어스랩,exact_name,,https://www.saramin.co.kr/zf_user/jobs/relay/view?view_type=search&rec_idx=54868483&location=ts&searchword=%EB%93%9C%EB%A1%A0&searchType=search&paid_fl=n&search_uuid=fac25325-6acf-4bfe-8e37-632f5645857a,draft,
SAR_54868500,니어스랩,CMP0037,니어스랩,exact_name,,https://www.saramin.co.kr/zf_user/jobs/relay/view?view_type=search&rec_idx=54868500&location=ts&searchword=%EB%93%9C%EB%A1%A0&searchType=search&paid_fl=n&search_uuid=2cf8010e-2b72-4def-88ee-91764d84e6dd,draft,
SAR_54868521,니어스랩,CMP0037,니어스랩,exact_name,,https://www.saramin.co.kr/zf_user/jobs/relay/view?view_type=search&rec_idx=54868521&location=ts&searchword=%ED%95%9C%EA%B5%AD%ED%95%AD%EA%B3%B5%EC%9A%B0%EC%A3%BC%EC%82%B0%EC%97%85%28KAI%29+%EB%93%9C%EB%A1%A0&searchType=search&paid_fl=n&search_uuid=a2d29763-6354-48c1-9e02-d7212b5cc593,draft,
SAR_54868554,니어스랩,CMP0037,니어스랩,exact_name,,https://www.saramin.co.kr/zf_user/jobs/relay/view?view_type=search&rec_idx=54868554&location=ts&searchword=%EB%93%9C%EB%A1%A0&searchType=search&paid_fl=n&search_uuid=fac25325-6acf-4bfe-8e37-632f5645857a,draft,
SAR_54879406,캣츠,,,none,,https://www.saramin.co.kr/zf_user/jobs/relay/view?view_type=search&rec_idx=54879406&location=ts&searchword=%EB%93%9C%EB%A1%A0&searchType=search&paid_fl=n&search_uuid=e4f73fea-3c0a-4dd3-8cbe-95493b462b62,draft,
SAR_54881233,유아이헬리콥터,,,none,,https://www.saramin.co.kr/zf_user/jobs/relay/view?view_type=search&rec_idx=54881233&location=ts&searchword=%EB%93%9C%EB%A1%A0&searchType=search&paid_fl=n&search_uuid=e4f73fea-3c0a-4dd3-8cbe-95493b462b62,draft,
SAR_54883185,이파워트레인코리아,,,none,,https://www.saramin.co.kr/zf_user/jobs/relay/view?view_type=search&rec_idx=54883185&location=ts&searchword=%EB%93%9C%EB%A1%A0&searchType=search&paid_fl=n&search_uuid=e4f73fea-3c0a-4dd3-8cbe-95493b462b62,draft,
SAR_54890935,엠지아이티,,,none,,https://www.saramin.co.kr/zf_user/jobs/relay/view?view_type=search&rec_idx=54890935&location=ts&searchword=%EB%93%9C%EB%A1%A0&searchType=search&paid_fl=n&search_uuid=e4f73fea-3c0a-4dd3-8cbe-95493b462b62,draft,
SAR_54897501,필라넷,CMP0258,필라넷,exact_name,,https://www.saramin.co.kr/zf_user/jobs/relay/view?view_type=search&rec_idx=54897501&location=ts&searchword=%EB%93%9C%EB%A1%A0&searchType=search&paid_fl=n&search_uuid=8097d250-43b3-4a71-88b2-f5db61abd03c,draft,
SAR_54901580,드림엔지니어링,,,none,,https://www.saramin.co.kr/zf_user/jobs/relay/view?view_type=search&rec_idx=54901580&location=ts&searchword=%EB%93%9C%EB%A1%A0&searchType=search&paid_fl=n&search_uuid=fac25325-6acf-4bfe-8e37-632f5645857a,draft,
SAR_54902427,모빌리티랩,,,none,,https://www.saramin.co.kr/zf_user/jobs/relay/view?view_type=search&rec_idx=54902427&location=ts&searchword=%EB%93%9C%EB%A1%A0&searchType=search&paid_fl=n&search_uuid=fac25325-6acf-4bfe-8e37-632f5645857a,draft,
SAR_54903531,한토공간기술,,,none,,https://www.saramin.co.kr/zf_user/jobs/relay/view?view_type=search&rec_idx=54903531&location=ts&searchword=%EB%93%9C%EB%A1%A0&searchType=search&paid_fl=n&search_uuid=1140ba88-2c6e-4ad8-8abb-b2fbb48b31d5,draft,
SAR_54916355,아스트로엑스,,,none,,https://www.saramin.co.kr/zf_user/jobs/relay/view?view_type=search&rec_idx=54916355&location=ts&searchword=%EB%93%9C%EB%A1%A0&searchType=search&paid_fl=n&search_uuid=e4f73fea-3c0a-4dd3-8cbe-95493b462b62,draft,
SAR_54916362,아스트로엑스,,,none,,https://www.saramin.co.kr/zf_user/jobs/relay/view?view_type=search&rec_idx=54916362&location=ts&searchword=%EB%93%9C%EB%A1%A0&searchType=search&paid_fl=n&search_uuid=e4f73fea-3c0a-4dd3-8cbe-95493b462b62,draft,
SAR_54918825,유콘시스템,CMP0205,유콘시스템,exact_name,,https://www.saramin.co.kr/zf_user/jobs/relay/view?view_type=search&rec_idx=54918825&location=ts&searchword=%EC%9C%A0%EC%BD%98%EC%8B%9C%EC%8A%A4%ED%85%9C+%EB%93%9C%EB%A1%A0&searchType=search&paid_fl=n&search_uuid=b6882b4c-f284-4114-9e73-20ebf1a1c584,draft,
SAR_54919618,지오랩스,CMP0224,지오랩스(주),normalized_name_or_variant,,https://www.saramin.co.kr/zf_user/jobs/relay/view?view_type=search&rec_idx=54919618&location=ts&searchword=%EB%93%9C%EB%A1%A0&searchType=search&paid_fl=n&search_uuid=fac25325-6acf-4bfe-8e37-632f5645857a,draft,
SAR_54923547,단디(Dandi),,,none,,https://www.saramin.co.kr/zf_user/jobs/relay/view?view_type=search&rec_idx=54923547&location=ts&searchword=%EB%93%9C%EB%A1%A0&searchType=search&paid_fl=n&search_uuid=2cf8010e-2b72-4def-88ee-91764d84e6dd,draft,
SAR_54923648,단디(Dandi),,,none,,https://www.saramin.co.kr/zf_user/jobs/relay/view?view_type=search&rec_idx=54923648&location=ts&searchword=%EB%93%9C%EB%A1%A0&searchType=search&paid_fl=n&search_uuid=00dfea56-5a93-476f-8eb1-5072f66504f2,draft,
SAR_54926472,비씨디이엔씨,,,none,,https://www.saramin.co.kr/zf_user/jobs/relay/view?view_type=search&rec_idx=54926472&location=ts&searchword=%EB%93%9C%EB%A1%A0&searchType=search&paid_fl=n&search_uuid=e4f73fea-3c0a-4dd3-8cbe-95493b462b62,draft,
SAR_54927518,스마일드론,,,none,,https://www.saramin.co.kr/zf_user/jobs/relay/view?view_type=search&rec_idx=54927518&location=ts&searchword=%EB%93%9C%EB%A1%A0&searchType=search&paid_fl=n&search_uuid=fac25325-6acf-4bfe-8e37-632f5645857a,draft,
SAR_54928630,아이티포,,,none,,https://www.saramin.co.kr/zf_user/jobs/relay/view?view_type=search&rec_idx=54928630&location=ts&searchword=%EB%93%9C%EB%A1%A0&searchType=search&paid_fl=n&search_uuid=fac25325-6acf-4bfe-8e37-632f5645857a,draft,
SAR_54930845,니어스랩,CMP0037,니어스랩,exact_name,,https://www.saramin.co.kr/zf_user/jobs/relay/view?view_type=search&rec_idx=54930845&location=ts&searchword=%EB%93%9C%EB%A1%A0&searchType=search&paid_fl=n&search_uuid=00dfea56-5a93-476f-8eb1-5072f66504f2,draft,
SAR_54930905,니어스랩,CMP0037,니어스랩,exact_name,,https://www.saramin.co.kr/zf_user/jobs/relay/view?view_type=search&rec_idx=54930905&location=ts&searchword=%EB%93%9C%EB%A1%A0&searchType=search&paid_fl=n&search_uuid=00dfea56-5a93-476f-8eb1-5072f66504f2,draft,
SAR_54931008,스카우트파트너스,,,none,,https://www.saramin.co.kr/zf_user/jobs/relay/view?view_type=search&rec_idx=54931008&location=ts&searchword=%EB%93%9C%EB%A1%A0&searchType=search&paid_fl=n&search_uuid=e4f73fea-3c0a-4dd3-8cbe-95493b462b62,draft,
SAR_54932066,트라이디,,,none,,https://www.saramin.co.kr/zf_user/jobs/relay/view?view_type=search&rec_idx=54932066&location=ts&searchword=%EB%93%9C%EB%A1%A0&searchType=search&paid_fl=n&search_uuid=e4f73fea-3c0a-4dd3-8cbe-95493b462b62,draft,
SAR_54936543,솔더,CMP0130,솔더,exact_name,,https://www.saramin.co.kr/zf_user/jobs/relay/view?view_type=search&rec_idx=54936543&location=ts&searchword=%EB%93%9C%EB%A1%A0&searchType=search&paid_fl=n&search_uuid=1140ba88-2c6e-4ad8-8abb-b2fbb48b31d5,draft,
SAR_54966581,엔키화이트햇,,,none,,https://www.saramin.co.kr/zf_user/jobs/relay/view?view_type=search&rec_idx=54966581&location=ts&searchword=%EB%93%9C%EB%A1%A0&searchType=search&paid_fl=n&search_uuid=e4f73fea-3c0a-4dd3-8cbe-95493b462b62,draft,
SAR_54970878,게이트비젼,,,none,,https://www.saramin.co.kr/zf_user/jobs/relay/view?view_type=search&rec_idx=54970878&location=ts&searchword=%EB%93%9C%EB%A1%A0&searchType=search&paid_fl=n&search_uuid=97e55ae6-4adc-4a89-936a-11a601b9fc25,draft,
SAR_54972353,퀀텀에어로,,,none,,https://www.saramin.co.kr/zf_user/jobs/relay/view?view_type=search&rec_idx=54972353&location=ts&searchword=%EB%93%9C%EB%A1%A0&searchType=search&paid_fl=n&search_uuid=8097d250-43b3-4a71-88b2-f5db61abd03c,draft,
SAR_54979490,테라로보틱스,,,none,,https://www.saramin.co.kr/zf_user/jobs/relay/view?view_type=search&rec_idx=54979490&location=ts&searchword=%EB%93%9C%EB%A1%A0&searchType=search&paid_fl=n&search_uuid=e4f73fea-3c0a-4dd3-8cbe-95493b462b62,draft,
SAR_54981251,아리온,,,none,,https://www.saramin.co.kr/zf_user/jobs/relay/view?view_type=search&rec_idx=54981251&location=ts&searchword=%EB%93%9C%EB%A1%A0&searchType=search&paid_fl=n&search_uuid=00dfea56-5a93-476f-8eb1-5072f66504f2,draft,
SAR_54985475,한국교통안전공단,,,none,,https://www.saramin.co.kr/zf_user/jobs/relay/view?view_type=search&rec_idx=54985475&location=ts&searchword=%EB%93%9C%EB%A1%A0&searchType=search&paid_fl=n&search_uuid=fac25325-6acf-4bfe-8e37-632f5645857a,draft,
SAR_54985837,이노드,CMP0207,이노드,exact_name,,https://www.saramin.co.kr/zf_user/jobs/relay/view?view_type=search&rec_idx=54985837&location=ts&searchword=%EB%93%9C%EB%A1%A0&searchType=search&paid_fl=n&search_uuid=e4f73fea-3c0a-4dd3-8cbe-95493b462b62,draft,
SAR_54985881,한국교통안전공단,,,none,,https://www.saramin.co.kr/zf_user/jobs/relay/view?view_type=search&rec_idx=54985881&location=ts&searchword=%EB%93%9C%EB%A1%A0&searchType=search&paid_fl=n&search_uuid=fac25325-6acf-4bfe-8e37-632f5645857a,draft,
SAR_54986012,에이럭스,,,none,,https://www.saramin.co.kr/zf_user/jobs/relay/view?view_type=search&rec_idx=54986012&location=ts&searchword=%EB%93%9C%EB%A1%A0&searchType=search&paid_fl=n&search_uuid=00dfea56-5a93-476f-8eb1-5072f66504f2,draft,
SAR_54986029,에이럭스,,,none,,https://www.saramin.co.kr/zf_user/jobs/relay/view?view_type=search&rec_idx=54986029&location=ts&searchword=%EB%93%9C%EB%A1%A0&searchType=search&paid_fl=n&search_uuid=2cf8010e-2b72-4def-88ee-91764d84e6dd,draft,
SAR_54986192,에이럭스,,,none,,https://www.saramin.co.kr/zf_user/jobs/relay/view?view_type=search&rec_idx=54986192&location=ts&searchword=%EB%93%9C%EB%A1%A0&searchType=search&paid_fl=n&search_uuid=e4f73fea-3c0a-4dd3-8cbe-95493b462b62,draft,
SAR_54987042,유비파이,CMP0202,유비파이,exact_name,,https://www.saramin.co.kr/zf_user/jobs/relay/view?view_type=search&rec_idx=54987042&location=ts&searchword=%EB%93%9C%EB%A1%A0&searchType=search&paid_fl=n&search_uuid=fac25325-6acf-4bfe-8e37-632f5645857a,draft,
SAR_54996441,애나,,,none,,https://www.saramin.co.kr/zf_user/jobs/relay/view?view_type=search&rec_idx=54996441&location=ts&searchword=%EB%93%9C%EB%A1%A0&searchType=search&paid_fl=n&search_uuid=00dfea56-5a93-476f-8eb1-5072f66504f2,draft,
SAR_55001565,에이치알원컨설팅,,,none,,https://www.saramin.co.kr/zf_user/jobs/relay/view?view_type=search&rec_idx=55001565&location=ts&searchword=%EB%93%9C%EB%A1%A0&searchType=search&paid_fl=n&search_uuid=da4f4f69-f654-40a0-8d80-f64210802a29,draft,
SAR_55001570,에이치알원컨설팅,,,none,,https://www.saramin.co.kr/zf_user/jobs/relay/view?view_type=search&rec_idx=55001570&location=ts&searchword=%EB%93%9C%EB%A1%A0&searchType=search&paid_fl=n&search_uuid=da4f4f69-f654-40a0-8d80-f64210802a29,draft,
SAR_55001578,에이치알원컨설팅,,,none,,https://www.saramin.co.kr/zf_user/jobs/relay/view?view_type=search&rec_idx=55001578&location=ts&searchword=%EB%93%9C%EB%A1%A0&searchType=search&paid_fl=n&search_uuid=da4f4f69-f654-40a0-8d80-f64210802a29,draft,
SAR_55002735,아리온,,,none,,http://www.saramin.co.kr/zf_user/jobs/relay/view?rec_idx=55002735&utm_source=job-search-api&utm_medium=api&utm_campaign=saramin-job-search-api,draft,
SAR_55003036,그리폰다이나믹스,CMP0020,그리폰다이나믹스,exact_name,,http://www.saramin.co.kr/zf_user/jobs/relay/view?rec_idx=55003036&utm_source=job-search-api&utm_medium=api&utm_campaign=saramin-job-search-api,draft,
SAR_55005977,지에이,,,none,,https://www.saramin.co.kr/zf_user/jobs/relay/view?view_type=search&rec_idx=55005977&location=ts&searchword=%EB%93%9C%EB%A1%A0&searchType=search&paid_fl=n&search_uuid=1140ba88-2c6e-4ad8-8abb-b2fbb48b31d5,draft,
SAR_55011212,피플뱅크코리아,,,none,,https://www.saramin.co.kr/zf_user/jobs/relay/view?view_type=search&rec_idx=55011212&location=ts&searchword=%EB%93%9C%EB%A1%A0&searchType=search&paid_fl=n&search_uuid=23e4441a-e6e7-4e32-88a3-c1ab4697ee84,draft,
SAR_55012005,제노소프트,,,none,,http://www.saramin.co.kr/zf_user/jobs/relay/view?rec_idx=55012005&utm_source=job-search-api&utm_medium=api&utm_campaign=saramin-job-search-api,draft,
SAR_55017000,대동공업주화순대리점,,,none,,https://www.saramin.co.kr/zf_user/jobs/relay/view?view_type=search&rec_idx=55017000&location=ts&searchword=%EB%93%9C%EB%A1%A0&searchType=search&paid_fl=n&search_uuid=1140ba88-2c6e-4ad8-8abb-b2fbb48b31d5,draft,
SAR_55022700,한화시스템,CMP0283,한화시스템,exact_name,,http://www.saramin.co.kr/zf_user/jobs/relay/view?rec_idx=55022700&utm_source=job-search-api&utm_medium=api&utm_campaign=saramin-job-search-api,draft,
SAR_55023353,넥스트에어로스페이스,,,none,,https://www.saramin.co.kr/zf_user/jobs/relay/view?view_type=search&rec_idx=55023353&location=ts&searchword=%EB%93%9C%EB%A1%A0&searchType=search&paid_fl=n&search_uuid=00dfea56-5a93-476f-8eb1-5072f66504f2,draft,
SAR_55025341,패리티,,,none,,https://www.saramin.co.kr/zf_user/jobs/relay/view?view_type=search&rec_idx=55025341&location=ts&searchword=%EB%93%9C%EB%A1%A0&searchType=search&paid_fl=n&search_uuid=fac25325-6acf-4bfe-8e37-632f5645857a,draft,
SAR_55028013,한국항공기술케이에이티,CMP0274,한국항공기술케이에이티,exact_name,,https://www.saramin.co.kr/zf_user/jobs/relay/view?view_type=search&rec_idx=55028013&location=ts&searchword=%EB%93%9C%EB%A1%A0&searchType=search&paid_fl=n&search_uuid=00dfea56-5a93-476f-8eb1-5072f66504f2,draft,
SAR_55049630,유피이엔지,,,none,,http://www.saramin.co.kr/zf_user/jobs/relay/view?rec_idx=55049630&utm_source=job-search-api&utm_medium=api&utm_campaign=saramin-job-search-api,draft,
SAR_55055172,그리폰다이나믹스,CMP0020,그리폰다이나믹스,exact_name,,http://www.saramin.co.kr/zf_user/jobs/relay/view?rec_idx=55055172&utm_source=job-search-api&utm_medium=api&utm_campaign=saramin-job-search-api,draft,
SAR_55064637,니어스랩,CMP0037,니어스랩,exact_name,,http://www.saramin.co.kr/zf_user/jobs/relay/view?rec_idx=55064637&utm_source=job-search-api&utm_medium=api&utm_campaign=saramin-job-search-api,draft,
SAR_55067065,유비파이,CMP0202,유비파이,exact_name,,http://www.saramin.co.kr/zf_user/jobs/relay/view?rec_idx=55067065&utm_source=job-search-api&utm_medium=api&utm_campaign=saramin-job-search-api,draft,
SAR_55070181,단디(Dandi),,,none,,http://www.saramin.co.kr/zf_user/jobs/relay/view?rec_idx=55070181&utm_source=job-search-api&utm_medium=api&utm_campaign=saramin-job-search-api,draft,
SAR_55070871,네패르,,,none,,http://www.saramin.co.kr/zf_user/jobs/relay/view?rec_idx=55070871&utm_source=job-search-api&utm_medium=api&utm_campaign=saramin-job-search-api,draft,
