skill_id,canonical_name,alias,skill_type,sources,match_method,review_status,review_note
SK0001,2D 설계,2D 설계,CAD/설계,posting_keyword,identity,draft,
SK0002,360 Camera,360 Camera,,job_skill,identity,draft,
SK0003,3D,3D,,job_skill,identity,draft,
SK0004,3D Animation,3D Animation,,job_skill,identity,draft,
SK0005,3D CAD,3D CAD,,job_skill,identity,draft,
SK0006,3D 설계,3D 설계,CAD/설계,posting_keyword,identity,draft,
SK0007,3D 프린터,3D 프린터,기계/제조,posting_keyword,identity,draft,
SK0008,5G/LTE,5G/LTE,,job_skill,identity,draft,
SK0009,A*,A*,,job_skill,identity,draft,
SK0010,Abaqus,Abaqus,CAD/설계,posting_keyword,identity,draft,
SK0011,Acceptance,Acceptance,,job_skill,identity,draft,
SK0012,Accident Investigation,Accident Investigation,,job_skill,identity,draft,
SK0013,Administration,Administration,,job_skill,identity,draft,
SK0014,Agronomy,Agronomy,,job_skill,identity,draft,
SK0015,Airworthiness,Airworthiness,,job_skill,identity,draft,
SK0016,AIS,AIS,,job_skill,identity,draft,
SK0017,AI 영상관제,AI 영상관제,AI/ML,posting_keyword,identity,draft,
SK0018,Altium Designer,Altium Designer,CAD/설계,posting_keyword,identity,draft,
SK0019,Analysis,Analysis,,job_skill,identity,draft,
SK0020,Android,Android,,job_skill,identity,draft,
SK0021,Annotation,Annotation,,job_skill,identity,draft,
SK0022,ANSYS,ANSYS,CAD/설계,job_skill;posting_keyword,identity,draft,
SK0023,API,API,,job_skill,identity,draft,
SK0024,Arduino,Arduino,하드웨어/전자,posting_keyword,identity,draft,
SK0025,ArduPilot,ArduPilot,비행제어/드론플랫폼,job_skill;posting_keyword,identity,draft,
SK0026,ArduPilot 셋업,ArduPilot 셋업,비행제어/드론플랫폼,posting_keyword,identity,draft,
SK0027,AS9100,AS9100,산업/도메인,job_skill;posting_keyword,identity,draft,
SK0028,ASTM,ASTM,,job_skill,identity,draft,
SK0029,ATC Coordination,ATC Coordination,,job_skill,identity,draft,
SK0030,Audit,Audit,,job_skill,identity,draft,
SK0031,AutoCAD,AutoCAD,CAD/설계,posting_keyword,identity,draft,
SK0032,Autopilot,Autopilot,비행제어/드론플랫폼,posting_keyword,identity,draft,
SK0033,Aviation Law,Aviation Law,,job_skill,identity,draft,
SK0034,Aviation Regulation,Aviation Regulation,,job_skill,identity,draft,
SK0035,Avionics,Avionics,,job_skill,identity,draft,
SK0036,B2B 제안,B2B 제안,,job_skill,identity,draft,
SK0037,Backend,Backend,,job_skill,identity,draft,
SK0038,Barcode,Barcode,,job_skill,identity,draft,
SK0039,Battery,Battery,,job_skill,identity,draft,
SK0040,Blade Element,Blade Element,,job_skill,identity,draft,
SK0041,Blade Inspection,Blade Inspection,,job_skill,identity,draft,
SK0042,BLDC,BLDC,하드웨어/전자,job_skill;posting_keyword,identity,draft,
SK0043,BMS,BMS,,job_skill,identity,draft,
SK0044,BOM,BOM,기계/제조,job_skill;posting_keyword,identity,draft,
SK0045,Boresight,Boresight,,job_skill,identity,draft,
SK0046,Broadcast,Broadcast,,job_skill,identity,draft,
SK0047,Business Model,Business Model,,job_skill,identity,draft,
SK0048,BVLOS,BVLOS,,job_skill,identity,draft,
SK0049,C,C,프로그래밍언어,posting_keyword,identity,draft,
SK0050,C++,C++,프로그래밍언어,job_skill;posting_keyword,identity,draft,
SK0051,C/C++,C/C++,,job_skill,identity,draft,
SK0052,C2,C2,,job_skill,identity,draft,
SK0053,CAD,CAD,CAD/설계,job_skill;posting_keyword,identity,draft,
SK0054,Cadastral,Cadastral,,job_skill,identity,draft,
SK0055,Calibration,Calibration,,job_skill,identity,draft,
SK0056,CAM,CAM,,job_skill,identity,draft,
SK0057,CAN,CAN,,job_skill,identity,draft,
SK0058,CATIA,CATIA,CAD/설계,job_skill;posting_keyword,identity,draft,
SK0059,Certification,Certification,,job_skill,identity,draft,
SK0060,CFD,CFD,,job_skill,identity,draft,
SK0061,CFRP,CFRP,기계/제조,job_skill;posting_keyword,identity,draft,
SK0062,Chain of Custody,Chain of Custody,,job_skill,identity,draft,
SK0063,CI/CD,CI/CD,,job_skill,identity,draft,
SK0064,Cinematography,Cinematography,,job_skill,identity,draft,
SK0065,Claims,Claims,,job_skill,identity,draft,
SK0066,Cloud,Cloud,,job_skill,identity,draft,
SK0067,CNC,CNC,,job_skill,identity,draft,
SK0068,Coaching,Coaching,,job_skill,identity,draft,
SK0069,Cold Chain,Cold Chain,,job_skill,identity,draft,
SK0070,Color,Color,,job_skill,identity,draft,
SK0071,Compass등 센서 이해,Compass등 센서 이해,하드웨어/전자,posting_keyword,identity,draft,
SK0072,Compliance,Compliance,,job_skill,identity,draft,
SK0073,Composition,Composition,,job_skill,identity,draft,
SK0074,Confined Space,Confined Space,,job_skill,identity,draft,
SK0075,CONOPS,CONOPS,,job_skill,identity,draft,
SK0076,Construction,Construction,,job_skill,identity,draft,
SK0077,ContextCapture,ContextCapture,GIS/공간정보,posting_keyword,identity,draft,
SK0078,Counter-UAS,Counter-UAS,,job_skill,identity,draft,
SK0079,CRM,CRM,,job_skill,identity,draft,
SK0080,C-UAS,C-UAS,,job_skill,identity,draft,
SK0081,CUDA,CUDA,,job_skill,identity,draft,
SK0082,Curriculum,Curriculum,,job_skill,identity,draft,
SK0083,Customer Success,Customer Success,,job_skill,identity,draft,
SK0084,Customer Support,Customer Support,,job_skill,identity,draft,
SK0085,CV,CV,,job_skill,identity,draft,
SK0086,DAA,DAA,,job_skill,identity,draft,
SK0087,DAQ,DAQ,,job_skill,identity,draft,
SK0088,Database,Database,,job_skill,identity,draft,
SK0089,Data QA,Data QA,,job_skill,identity,draft,
SK0090,Dataset,Dataset,,job_skill,identity,draft,
SK0091,DBMS,DBMS,개발도구/SW,posting_keyword,identity,draft,
SK0092,DC/DC,DC/DC,,job_skill,identity,draft,
SK0093,Deep Learning,Deep Learning,,job_skill,identity,draft,
SK0094,Defect,Defect,,job_skill,identity,draft,
SK0095,Demonstration,Demonstration,,job_skill,identity,draft,
SK0096,Detect-and-Avoid,Detect-and-Avoid,,job_skill,identity,draft,
SK0097,Detection,Detection,,job_skill,identity,draft,
SK0098,DfAM,DfAM,,job_skill,identity,draft,
SK0099,Diagnostics,Diagnostics,,job_skill,identity,draft,
SK0100,Digital Twin,Digital Twin,,job_skill,identity,draft,
SK0101,Dispatch,Dispatch,,job_skill,identity,draft,
SK0102,DJI,DJI,비행제어/드론플랫폼,posting_keyword,identity,draft,
SK0103,DJI TERRA,DJI TERRA,GIS/공간정보,posting_keyword,identity,draft,
SK0103,DJI TERRA,DJI Terra,GIS/공간정보,job_skill,case_space_hyphen,draft,
SK0104,Drone Soccer,Drone Soccer,,job_skill,identity,draft,
SK0105,Drone Station,Drone Station,,job_skill,identity,draft,
SK0106,DSP,DSP,,job_skill,identity,draft,
SK0107,Ecology,Ecology,,job_skill,identity,draft,
SK0108,Edge AI,Edge AI,AI/ML,posting_keyword,identity,draft,
SK0109,Edge Computer,Edge Computer,,job_skill,identity,draft,
SK0110,EKF,EKF,,job_skill,identity,draft,
SK0111,e-Learning,e-Learning,,job_skill,identity,draft,
SK0112,EMC,EMC,,job_skill,identity,draft,
SK0113,EMI,EMI,,job_skill,identity,draft,
SK0114,Engine,Engine,,job_skill,identity,draft,
SK0115,Environmental Sensor,Environmental Sensor,,job_skill,identity,draft,
SK0116,EO/IR,EO/IR,,job_skill,identity,draft,
SK0117,EOL시험,EOL시험,,job_skill,identity,draft,
SK0118,ERP,ERP,,job_skill,identity,draft,
SK0119,Evaluation,Evaluation,,job_skill,identity,draft,
SK0120,Event PM,Event PM,,job_skill,identity,draft,
SK0121,Evidence,Evidence,,job_skill,identity,draft,
SK0122,eVTOL,eVTOL,비행제어/드론플랫폼,posting_keyword,identity,draft,
SK0123,Experiment,Experiment,,job_skill,identity,draft,
SK0124,Export,Export,,job_skill,identity,draft,
SK0125,FC(Flight Controller) 제어,FC(Flight Controller) 제어,비행제어/드론플랫폼,posting_keyword,identity,draft,
SK0126,FDM,FDM,,job_skill,identity,draft,
SK0127,FEM,FEM,,job_skill,identity,draft,
SK0128,Field Ops,Field Ops,,job_skill,identity,draft,
SK0129,Fireground,Fireground,,job_skill,identity,draft,
SK0130,Fire Safety,Fire Safety,,job_skill,identity,draft,
SK0131,Fleet,Fleet,,job_skill,identity,draft,
SK0132,Fleet Control,Fleet Control,,job_skill,identity,draft,
SK0133,Flight Log,Flight Log,,job_skill,identity,draft,
SK0134,Flight Test,Flight Test,,job_skill,identity,draft,
SK0135,Flight Training,Flight Training,,job_skill,identity,draft,
SK0136,FMEA,FMEA,,job_skill,identity,draft,
SK0137,FOC,FOC,,job_skill,identity,draft,
SK0138,Forest GIS,Forest GIS,,job_skill,identity,draft,
SK0139,FPV,FPV,,job_skill,identity,draft,
SK0140,FRACAS,FRACAS,,job_skill,identity,draft,
SK0141,Funding,Funding,,job_skill,identity,draft,
SK0142,Fusion 360,Fusion 360,CAD/설계,posting_keyword,identity,draft,
SK0143,Gas Safety,Gas Safety,,job_skill,identity,draft,
SK0144,Gas Sensor,Gas Sensor,,job_skill,identity,draft,
SK0145,Gazebo,Gazebo,개발도구/SW,job_skill;posting_keyword,identity,draft,
SK0146,GCP,GCP,GIS/공간정보,posting_keyword,identity,draft,
SK0147,GCS,GCS,비행제어/드론플랫폼,job_skill;posting_keyword,identity,draft,
SK0148,GFRP,GFRP,기계/제조,job_skill;posting_keyword,identity,draft,
SK0149,GIS,GIS,GIS/공간정보,job_skill;posting_keyword,identity,draft,
SK0150,Git,Git,개발도구/SW,posting_keyword,identity,draft,
SK0151,Global Mapper,Global Mapper,GIS/공간정보,job_skill;posting_keyword,identity,draft,
SK0152,GNC,GNC,비행제어/드론플랫폼,posting_keyword,identity,draft,
SK0153,GNSS,GNSS,,job_skill,identity,draft,
SK0154,GNSS/INS,GNSS/INS,,job_skill,identity,draft,
SK0155,GPS,GPS,하드웨어/전자,posting_keyword,identity,draft,
SK0156,GPU,GPU,,job_skill,identity,draft,
SK0157,Grid Search,Grid Search,,job_skill,identity,draft,
SK0158,HALT,HALT,,job_skill,identity,draft,
SK0159,Hazard,Hazard,,job_skill,identity,draft,
SK0160,Heritage,Heritage,,job_skill,identity,draft,
SK0161,HIL,HIL,,job_skill,identity,draft,
SK0162,HMI,HMI,,job_skill,identity,draft,
SK0163,HW,HW,하드웨어/전자,posting_keyword,identity,draft,
SK0164,Hydrology,Hydrology,,job_skill,identity,draft,
SK0165,ICAO,ICAO,,job_skill,identity,draft,
SK0166,ICD,ICD,,job_skill,identity,draft,
SK0167,ICS,ICS,,job_skill,identity,draft,
SK0168,IMU,IMU,하드웨어/전자,job_skill;posting_keyword,identity,draft,
SK0169,Incident Command,Incident Command,,job_skill,identity,draft,
SK0170,Incident Response,Incident Response,,job_skill,identity,draft,
SK0171,Indoor Flight,Indoor Flight,,job_skill,identity,draft,
SK0172,INS,INS,,job_skill,identity,draft,
SK0173,Inspection,Inspection,,job_skill,identity,draft,
SK0174,Instruction,Instruction,,job_skill,identity,draft,
SK0175,Instructional Design,Instructional Design,,job_skill,identity,draft,
SK0176,Instructor Pilot,Instructor Pilot,,job_skill,identity,draft,
SK0177,International Project,International Project,,job_skill,identity,draft,
SK0178,Inventor,Inventor,CAD/설계,posting_keyword,identity,draft,
SK0179,Inventory,Inventory,,job_skill,identity,draft,
SK0180,iOS,iOS,,job_skill,identity,draft,
SK0181,IoT,IoT,,job_skill,identity,draft,
SK0182,IP Network,IP Network,,job_skill,identity,draft,
SK0183,ISO,ISO,,job_skill,identity,draft,
SK0184,ISR,ISR,,job_skill,identity,draft,
SK0185,Jetson,Jetson,하드웨어/전자,posting_keyword,identity,draft,
SK0186,Kafka,Kafka,,job_skill,identity,draft,
SK0187,Kalman Filter,Kalman Filter,,job_skill,identity,draft,
SK0188,KiCad,KiCad,CAD/설계,posting_keyword,identity,draft,
SK0189,KPI,KPI,,job_skill,identity,draft,
SK0190,KS,KS,,job_skill,identity,draft,
SK0191,Lab,Lab,,job_skill,identity,draft,
SK0192,Lab Equipment,Lab Equipment,,job_skill,identity,draft,
SK0193,Lean,Lean,,job_skill,identity,draft,
SK0194,LiDAR,LiDAR,GIS/공간정보,job_skill;posting_keyword,identity,draft,
SK0195,LiDAR SLAM,LiDAR SLAM,,job_skill,identity,draft,
SK0196,Li-ion,Li-ion,,job_skill,identity,draft,
SK0197,Linear Inspection,Linear Inspection,,job_skill,identity,draft,
SK0198,Linux,Linux,개발도구/SW,posting_keyword,identity,draft,
SK0199,Live Video,Live Video,,job_skill,identity,draft,
SK0200,Logistics,Logistics,,job_skill,identity,draft,
SK0201,Long-range,Long-range,,job_skill,identity,draft,
SK0202,Loss Assessment,Loss Assessment,,job_skill,identity,draft,
SK0203,Maintenance,Maintenance,,job_skill,identity,draft,
SK0204,Maintenance Training,Maintenance Training,,job_skill,identity,draft,
SK0205,Manual Flight,Manual Flight,,job_skill,identity,draft,
SK0206,Mapping,Mapping,,job_skill,identity,draft,
SK0207,Map SDK,Map SDK,,job_skill,identity,draft,
SK0208,Marine Pollution,Marine Pollution,,job_skill,identity,draft,
SK0209,Maritime Ops,Maritime Ops,,job_skill,identity,draft,
SK0210,Market Analysis,Market Analysis,,job_skill,identity,draft,
SK0211,MATLAB,MATLAB,개발도구/SW,job_skill;posting_keyword,identity,draft,
SK0212,MAVLink,MAVLink,비행제어/드론플랫폼,job_skill;posting_keyword,identity,draft,
SK0213,MAVLink 개발 경험,MAVLink 개발 경험,비행제어/드론플랫폼,posting_keyword,identity,draft,
SK0214,MBSE,MBSE,,job_skill,identity,draft,
SK0215,MCU,MCU,,job_skill,identity,draft,
SK0216,Mesh,Mesh,,job_skill,identity,draft,
SK0217,Meteorology,Meteorology,,job_skill,identity,draft,
SK0218,MIDAS FEA,MIDAS FEA,CAD/설계,posting_keyword,identity,draft,
SK0219,Mine Safety,Mine Safety,,job_skill,identity,draft,
SK0220,Mission,Mission,,job_skill,identity,draft,
SK0221,Mission Planner,Mission Planner,비행제어/드론플랫폼,posting_keyword,identity,draft,
SK0222,Mission Planning,Mission Planning,,job_skill,identity,draft,
SK0223,MLOps,MLOps,,job_skill,identity,draft,
SK0224,Model Registry,Model Registry,,job_skill,identity,draft,
SK0225,Motion Graphics,Motion Graphics,,job_skill,identity,draft,
SK0226,Motor,Motor,,job_skill,identity,draft,
SK0227,Multispectral,Multispectral,,job_skill,identity,draft,
SK0228,MVS,MVS,,job_skill,identity,draft,
SK0229,NASTRAN,NASTRAN,,job_skill,identity,draft,
SK0230,Nav2,Nav2,프레임워크/라이브러리,posting_keyword,identity,draft,
SK0231,NCR,NCR,,job_skill,identity,draft,
SK0232,NDT,NDT,,job_skill,identity,draft,
SK0233,NDVI,NDVI,,job_skill,identity,draft,
SK0234,NX,NX,CAD/설계,posting_keyword,identity,draft,
SK0235,ONNX,ONNX,AI/ML,posting_keyword,identity,draft,
SK0236,OpenCV,OpenCV,프레임워크/라이브러리,job_skill;posting_keyword,identity,draft,
SK0237,Operations,Operations,,job_skill,identity,draft,
SK0238,Optimization,Optimization,,job_skill,identity,draft,
SK0239,OrCAD,OrCAD,CAD/설계,posting_keyword,identity,draft,
SK0240,Orthomosaic,Orthomosaic,,job_skill,identity,draft,
SK0241,OTA,OTA,,job_skill,identity,draft,
SK0242,Pack,Pack,,job_skill,identity,draft,
SK0243,Payload,Payload,,job_skill,identity,draft,
SK0244,PCB,PCB,,job_skill,identity,draft,
SK0245,PEMFC,PEMFC,,job_skill,identity,draft,
SK0246,Perimeter Patrol,Perimeter Patrol,,job_skill,identity,draft,
SK0247,Permit,Permit,,job_skill,identity,draft,
SK0248,Pest Monitoring,Pest Monitoring,,job_skill,identity,draft,
SK0249,Photogrammetry,Photogrammetry,,job_skill,identity,draft,
SK0250,Photography,Photography,,job_skill,identity,draft,
SK0251,Pipeline,Pipeline,,job_skill,identity,draft,
SK0252,Pix4D,Pix4D,GIS/공간정보,job_skill;posting_keyword,identity,draft,
SK0253,Pixhawk,Pixhawk,비행제어/드론플랫폼,job_skill;posting_keyword,identity,draft,
SK0254,Pixhawk 기반 드론 세팅 및 운용 경험,Pixhawk 기반 드론 세팅 및 운용 경험,비행제어/드론플랫폼,posting_keyword,identity,draft,
SK0255,Pixhawk 셋팅 가능자,Pixhawk 셋팅 가능자,비행제어/드론플랫폼,posting_keyword,identity,draft,
SK0256,PKI,PKI,,job_skill,identity,draft,
SK0257,PM,PM,,job_skill,identity,draft,
SK0258,PMSM,PMSM,하드웨어/전자,posting_keyword,identity,draft,
SK0259,Point Cloud,Point Cloud,,job_skill,identity,draft,
SK0260,Policy Analysis,Policy Analysis,,job_skill,identity,draft,
SK0261,Pollination,Pollination,,job_skill,identity,draft,
SK0262,Power Safety,Power Safety,,job_skill,identity,draft,
SK0263,PPK,PPK,GIS/공간정보,posting_keyword,identity,draft,
SK0264,PPS,PPS,,job_skill,identity,draft,
SK0265,Practical Test,Practical Test,,job_skill,identity,draft,
SK0266,Privacy,Privacy,,job_skill,identity,draft,
SK0267,Procurement,Procurement,,job_skill,identity,draft,
SK0268,Propulsion,Propulsion,,job_skill,identity,draft,
SK0269,Publication,Publication,,job_skill,identity,draft,
SK0270,Public Safety,Public Safety,,job_skill,identity,draft,
SK0271,PV,PV,,job_skill,identity,draft,
SK0272,PX4,PX4,비행제어/드론플랫폼,job_skill;posting_keyword,identity,draft,
SK0273,PX4 또는 ArduPilot 파라미터 이해,PX4 또는 ArduPilot 파라미터 이해,비행제어/드론플랫폼,posting_keyword,identity,draft,
SK0274,Python,Python,프로그래밍언어,job_skill;posting_keyword,identity,draft,
SK0275,PyTorch,PyTorch,AI/ML,posting_keyword,identity,draft,
SK0276,QA,QA,,job_skill,identity,draft,
SK0277,QGIS,QGIS,GIS/공간정보,posting_keyword,identity,draft,
SK0278,QGroundControl,QGroundControl,비행제어/드론플랫폼,posting_keyword,identity,draft,
SK0279,QoS,QoS,,job_skill,identity,draft,
SK0280,Qt,Qt,,job_skill,identity,draft,
SK0281,Quantization,Quantization,,job_skill,identity,draft,
SK0282,R&D,R&D,업무/직무역량,posting_keyword,identity,draft,
SK0283,Racing,Racing,,job_skill,identity,draft,
SK0284,Radar,Radar,,job_skill,identity,draft,
SK0285,Radiometric Calibration,Radiometric Calibration,,job_skill,identity,draft,
SK0286,Raspberry Pi,Raspberry Pi,하드웨어/전자,posting_keyword,identity,draft,
SK0287,RAW,RAW,,job_skill,identity,draft,
SK0288,RealityCapture,RealityCapture,GIS/공간정보,posting_keyword,identity,draft,
SK0289,Recurrent Training,Recurrent Training,,job_skill,identity,draft,
SK0290,Regulation,Regulation,,job_skill,identity,draft,
SK0291,Reliability,Reliability,,job_skill,identity,draft,
SK0292,Remote ID,Remote ID,,job_skill,identity,draft,
SK0293,Remote Ops,Remote Ops,,job_skill,identity,draft,
SK0294,Remote Sensing,Remote Sensing,,job_skill,identity,draft,
SK0295,Rental,Rental,,job_skill,identity,draft,
SK0296,Repair,Repair,,job_skill,identity,draft,
SK0297,Report,Report,,job_skill,identity,draft,
SK0298,Reporting,Reporting,,job_skill,identity,draft,
SK0299,Research,Research,,job_skill,identity,draft,
SK0300,Retail,Retail,,job_skill,identity,draft,
SK0301,RF,RF,하드웨어/전자,job_skill;posting_keyword,identity,draft,
SK0302,RFP,RFP,,job_skill,identity,draft,
SK0303,RF Safety,RF Safety,,job_skill,identity,draft,
SK0304,Risk,Risk,,job_skill,identity,draft,
SK0305,Risk Assessment,Risk Assessment,,job_skill,identity,draft,
SK0306,ROS,ROS,프레임워크/라이브러리,job_skill;posting_keyword,identity,draft,
SK0307,ROS2,ROS2,프레임워크/라이브러리,job_skill;posting_keyword,identity,draft,
SK0308,RRT,RRT,,job_skill,identity,draft,
SK0309,RTK,RTK,GIS/공간정보,job_skill;posting_keyword,identity,draft,
SK0310,RTOS,RTOS,,job_skill,identity,draft,
SK0311,Safety,Safety,,job_skill,identity,draft,
SK0312,Safety Analytics,Safety Analytics,,job_skill,identity,draft,
SK0313,Safety Case,Safety Case,,job_skill,identity,draft,
SK0314,Sampling,Sampling,,job_skill,identity,draft,
SK0315,SAR,SAR,,job_skill,identity,draft,
SK0316,SCM,SCM,,job_skill,identity,draft,
SK0317,SDR,SDR,,job_skill,identity,draft,
SK0318,SE(시스템엔지니어),SE(시스템엔지니어),전공/지식,posting_keyword,identity,draft,
SK0319,Secure Boot,Secure Boot,,job_skill,identity,draft,
SK0320,Security,Security,,job_skill,identity,draft,
SK0321,Seeding,Seeding,,job_skill,identity,draft,
SK0322,Segmentation,Segmentation,,job_skill,identity,draft,
SK0323,Sensor,Sensor,,job_skill,identity,draft,
SK0324,Sensor Fusion,Sensor Fusion,,job_skill,identity,draft,
SK0325,SfM,SfM,,job_skill,identity,draft,
SK0326,Show Control,Show Control,,job_skill,identity,draft,
SK0327,SI,SI,,job_skill,identity,draft,
SK0328,Simulation,Simulation,,job_skill,identity,draft,
SK0329,Simulink,Simulink,개발도구/SW,posting_keyword,identity,draft,
SK0330,SITL,SITL,,job_skill,identity,draft,
SK0331,SLA,SLA,,job_skill,identity,draft,
SK0332,SLAM,SLAM,AI/ML,posting_keyword,identity,draft,
SK0333,SLS,SLS,,job_skill,identity,draft,
SK0334,SMS,SMS,,job_skill,identity,draft,
SK0335,SOC/SOH,SOC/SOH,,job_skill,identity,draft,
SK0336,SolidWorks,SolidWorks,CAD/설계,posting_keyword,identity,draft,
SK0337,SORA,SORA,,job_skill,identity,draft,
SK0338,Spraying,Spraying,,job_skill,identity,draft,
SK0339,Stakeholder,Stakeholder,,job_skill,identity,draft,
SK0340,Standardization,Standardization,,job_skill,identity,draft,
SK0341,Statistics,Statistics,,job_skill,identity,draft,
SK0342,Stitching,Stitching,,job_skill,identity,draft,
SK0343,STM32,STM32,하드웨어/전자,posting_keyword,identity,draft,
SK0344,Storyboard,Storyboard,,job_skill,identity,draft,
SK0345,Streaming,Streaming,,job_skill,identity,draft,
SK0346,Structural Inspection,Structural Inspection,,job_skill,identity,draft,
SK0347,Support,Support,,job_skill,identity,draft,
SK0348,Survey,Survey,,job_skill,identity,draft,
SK0349,Surveying,Surveying,,job_skill,identity,draft,
SK0350,SW,SW,개발도구/SW,posting_keyword,identity,draft,
SK0351,Swarm,Swarm,,job_skill,identity,draft,
SK0352,Swarm Ops,Swarm Ops,,job_skill,identity,draft,
SK0353,Systems Integration,Systems Integration,,job_skill,identity,draft,
SK0354,Teaching,Teaching,,job_skill,identity,draft,
SK0355,Team Tactics,Team Tactics,,job_skill,identity,draft,
SK0356,Telemetry,Telemetry,,job_skill,identity,draft,
SK0357,TensorRT,TensorRT,AI/ML,job_skill;posting_keyword,identity,draft,
SK0358,Test,Test,,job_skill,identity,draft,
SK0359,Test Pilot,Test Pilot,,job_skill,identity,draft,
SK0360,Test Plan,Test Plan,,job_skill,identity,draft,
SK0361,Test Range,Test Range,,job_skill,identity,draft,
SK0362,Thermal,Thermal,,job_skill,identity,draft,
SK0363,Threat Modeling,Threat Modeling,,job_skill,identity,draft,
SK0364,Tracking,Tracking,,job_skill,identity,draft,
SK0365,Training,Training,,job_skill,identity,draft,
SK0366,Training Ops,Training Ops,,job_skill,identity,draft,
SK0367,Trajectory,Trajectory,,job_skill,identity,draft,
SK0368,Tuning,Tuning,,job_skill,identity,draft,
SK0369,UAM,UAM,산업/도메인,posting_keyword,identity,draft,
SK0370,UART,UART,,job_skill,identity,draft,
SK0371,UAV,UAV,산업/도메인,posting_keyword,identity,draft,
SK0372,Underwriting,Underwriting,,job_skill,identity,draft,
SK0373,Unreal,Unreal,,job_skill,identity,draft,
SK0374,UTM,UTM,,job_skill,identity,draft,
SK0375,Variable Rate,Variable Rate,,job_skill,identity,draft,
SK0376,Vendor,Vendor,,job_skill,identity,draft,
SK0377,Video,Video,,job_skill,identity,draft,
SK0378,Visual Observation,Visual Observation,,job_skill,identity,draft,
SK0379,Visual SLAM,Visual SLAM,,job_skill,identity,draft,
SK0380,Volume,Volume,,job_skill,identity,draft,
SK0381,VR,VR,,job_skill,identity,draft,
SK0382,VTOL,VTOL,비행제어/드론플랫폼,job_skill;posting_keyword,identity,draft,
SK0383,Weather,Weather,,job_skill,identity,draft,
SK0384,Web Map,Web Map,,job_skill,identity,draft,
SK0385,Wiring,Wiring,,job_skill,identity,draft,
SK0386,WMS,WMS,,job_skill,identity,draft,
SK0387,YOLO,YOLO,AI/ML,job_skill;posting_keyword,identity,draft,
SK0388,Zoom,Zoom,,job_skill,identity,draft,
SK0389,강화학습,강화학습,AI/ML,posting_keyword,identity,draft,
SK0390,객체추적,객체추적,AI/ML,posting_keyword,identity,draft,
SK0391,객체탐지,객체탐지,AI/ML,posting_keyword,identity,draft,
SK0392,검사,검사,,job_skill,identity,draft,
SK0393,검수,검수,,job_skill,identity,draft,
SK0394,검증,검증,,job_skill,identity,draft,
SK0395,경량구조,경량구조,,job_skill,identity,draft,
SK0396,경량화,경량화,,job_skill,identity,draft,
SK0397,경로계획,경로계획,업무/직무역량,posting_keyword,identity,draft,
SK0398,계측,계측,,job_skill,identity,draft,
SK0399,고정익,고정익,,job_skill,identity,draft,
SK0400,공력,공력,,job_skill,identity,draft,
SK0401,공정설계,공정설계,,job_skill,identity,draft,
SK0402,공차,공차,,job_skill,identity,draft,
SK0403,광학,광학,,job_skill,identity,draft,
SK0404,구매,구매,,job_skill,identity,draft,
SK0405,구조설계,구조설계,,job_skill,identity,draft,
SK0406,국책사업관리,국책사업관리,업무/직무역량,posting_keyword,identity,draft,
SK0407,규정,규정,,job_skill,identity,draft,
SK0408,그래픽디자인,그래픽디자인,업무/직무역량,posting_keyword,identity,draft,
SK0409,기계·전자제품 조립,기계·전자제품 조립,기계/제조,posting_keyword,identity,draft,
SK0410,기계공학,기계공학,전공/지식,posting_keyword,identity,draft,
SK0411,기계설계,기계설계,CAD/설계,posting_keyword,identity,draft,
SK0412,기구설계,기구설계,CAD/설계,job_skill;posting_keyword,identity,draft,
SK0413,기록,기록,,job_skill,identity,draft,
SK0414,기본적인 전원 시스템 및 배선 이해,기본적인 전원 시스템 및 배선 이해,하드웨어/전자,posting_keyword,identity,draft,
SK0415,기상,기상,,job_skill,identity,draft,
SK0416,기술엔지니어,기술엔지니어,업무/직무역량,posting_keyword,identity,draft,
SK0417,기술연구,기술연구,업무/직무역량,posting_keyword,identity,draft,
SK0418,기술영업,기술영업,,job_skill,identity,draft,
SK0419,기술지원,기술지원,업무/직무역량,posting_keyword,identity,draft,
SK0420,기체제작,기체제작,,job_skill,identity,draft,
SK0421,기타제조업,기타제조업,기계/제조,posting_keyword,identity,draft,
SK0422,납땜,납땜,하드웨어/전자,job_skill;posting_keyword,identity,draft,
SK0423,네트워크,네트워크,,job_skill,identity,draft,
SK0424,농약안전,농약안전,,job_skill,identity,draft,
SK0425,농업,농업,,job_skill,identity,draft,
SK0426,대드론(C-UAS),대드론(C-UAS),산업/도메인,posting_keyword,identity,draft,
SK0427,데이터기획,데이터기획,,job_skill,identity,draft,
SK0428,도면해독,도면해독,CAD/설계,posting_keyword,identity,draft,
SK0429,도장/도금/도색,도장/도금/도색,기계/제조,posting_keyword,identity,draft,
SK0430,드론,드론,산업/도메인,posting_keyword,identity,draft,
SK0431,드론 GCS 셋업,드론 GCS 셋업,비행제어/드론플랫폼,posting_keyword,identity,draft,
SK0432,드론개발,드론개발,업무/직무역량,posting_keyword,identity,draft,
SK0433,드론관제,드론관제,업무/직무역량,posting_keyword,identity,draft,
SK0434,드론교육,드론교육,업무/직무역량,posting_keyword,identity,draft,
SK0435,드론부품,드론부품,하드웨어/전자,posting_keyword,identity,draft,
SK0436,드론 부품 셋업,드론 부품 셋업,업무/직무역량,posting_keyword,identity,draft,
SK0437,드론생산,드론생산,기계/제조,posting_keyword,identity,draft,
SK0438,드론 소프트웨어 셋업,드론 소프트웨어 셋업,업무/직무역량,posting_keyword,identity,draft,
SK0439,드론 수리,드론 수리,업무/직무역량,posting_keyword,identity,draft,
SK0440,드론 시험 비행,드론 시험 비행,업무/직무역량,posting_keyword,identity,draft,
SK0441,드론영업,드론영업,업무/직무역량,posting_keyword,identity,draft,
SK0442,드론운용,드론운용,업무/직무역량,posting_keyword,identity,draft,
SK0443,드론 자격증,드론 자격증,자격증,posting_keyword,identity,draft,
SK0444,드론정비,드론정비,업무/직무역량,posting_keyword,identity,draft,
SK0445,드론제어,드론제어,비행제어/드론플랫폼,posting_keyword,identity,draft,
SK0446,드론제어 알고리즘,드론제어 알고리즘,산업/도메인,posting_keyword,identity,draft,
SK0447,드론제작,드론제작,기계/제조,posting_keyword,identity,draft,
SK0448,드론 제작 및 셋팅,드론 제작 및 셋팅,기계/제조,posting_keyword,identity,draft,
SK0449,드론조종,드론조종,업무/직무역량,posting_keyword,identity,draft,
SK0450,드론촬영,드론촬영,업무/직무역량,posting_keyword,identity,draft,
SK0451,드론측량,드론측량,GIS/공간정보,posting_keyword,identity,draft,
SK0452,드론 하드웨어 조립,드론 하드웨어 조립,하드웨어/전자,posting_keyword,identity,draft,
SK0453,딥러닝,딥러닝,AI/ML,posting_keyword,identity,draft,
SK0454,로봇설계,로봇설계,업무/직무역량,posting_keyword,identity,draft,
SK0455,로봇엔지니어,로봇엔지니어,업무/직무역량,posting_keyword,identity,draft,
SK0456,로터역학,로터역학,,job_skill,identity,draft,
SK0457,링크버짓,링크버짓,,job_skill,identity,draft,
SK0458,멀티미디어디자인,멀티미디어디자인,업무/직무역량,posting_keyword,identity,draft,
SK0459,멀티콥터,멀티콥터,,job_skill,identity,draft,
SK0460,메커니즘,메커니즘,,job_skill,identity,draft,
SK0461,모델링,모델링,CAD/설계,job_skill;posting_keyword,identity,draft,
SK0462,모션그래픽,모션그래픽,업무/직무역량,posting_keyword,identity,draft,
SK0463,모터설계,모터설계,CAD/설계,posting_keyword,identity,draft,
SK0464,무선통신,무선통신,,job_skill,identity,draft,
SK0465,무선 통신 셋업,무선 통신 셋업,하드웨어/전자,posting_keyword,identity,draft,
SK0466,무인항공기,무인항공기,산업/도메인,posting_keyword,identity,draft,
SK0467,무인항공기/드론,무인항공기/드론,산업/도메인,posting_keyword,identity,draft,
SK0468,무인헬기,무인헬기,,job_skill,identity,draft,
SK0469,무전,무전,,job_skill,identity,draft,
SK0470,문서,문서,,job_skill,identity,draft,
SK0471,반도체,반도체,산업/도메인,posting_keyword,identity,draft,
SK0472,방열,방열,,job_skill,identity,draft,
SK0473,배선,배선,,job_skill,identity,draft,
SK0474,밸런싱,밸런싱,,job_skill,identity,draft,
SK0475,베어링,베어링,,job_skill,identity,draft,
SK0476,복합재,복합재,기계/제조,job_skill;posting_keyword,identity,draft,
SK0477,부력,부력,,job_skill,identity,draft,
SK0478,분산시스템,분산시스템,,job_skill,identity,draft,
SK0479,분산제어,분산제어,,job_skill,identity,draft,
SK0480,비상절차,비상절차,,job_skill,identity,draft,
SK0481,비행,비행,,job_skill,identity,draft,
SK0482,비행선,비행선,,job_skill,identity,draft,
SK0483,비행성능,비행성능,,job_skill,identity,draft,
SK0484,비행역학,비행역학,,job_skill,identity,draft,
SK0485,비행제어,비행제어,비행제어/드론플랫폼,posting_keyword,identity,draft,
SK0486,비행제어기,비행제어기,비행제어/드론플랫폼,posting_keyword,identity,draft,
SK0487,사업성분석,사업성분석,,job_skill,identity,draft,
SK0488,산업용PC,산업용PC,,job_skill,identity,draft,
SK0489,살포,살포,,job_skill,identity,draft,
SK0490,상태공간,상태공간,,job_skill,identity,draft,
SK0491,생산,생산,,job_skill,identity,draft,
SK0492,생산관리,생산관리,업무/직무역량,posting_keyword,identity,draft,
SK0493,생산기술,생산기술,기계/제조,posting_keyword,identity,draft,
SK0494,서비스디자인,서비스디자인,,job_skill,identity,draft,
SK0495,설계엔지니어,설계엔지니어,업무/직무역량,posting_keyword,identity,draft,
SK0496,성능시험,성능시험,,job_skill,identity,draft,
SK0497,성능지표,성능지표,,job_skill,identity,draft,
SK0498,성실,성실,업무/직무역량,posting_keyword,identity,draft,
SK0499,성형,성형,,job_skill,identity,draft,
SK0500,세팅,세팅,,job_skill,identity,draft,
SK0501,센서융합,센서융합,AI/ML,posting_keyword,identity,draft,
SK0502,소음,소음,,job_skill,identity,draft,
SK0503,소프트웨어개발,소프트웨어개발,업무/직무역량,posting_keyword,identity,draft,
SK0504,수동조종,수동조종,,job_skill,identity,draft,
SK0505,수소안전,수소안전,,job_skill,identity,draft,
SK0506,시각디자인,시각디자인,업무/직무역량,posting_keyword,identity,draft,
SK0507,시뮬레이션,시뮬레이션,,job_skill,identity,draft,
SK0508,시스템공학,시스템공학,,job_skill,identity,draft,
SK0509,시스템 아키텍처,시스템 아키텍처,,job_skill,identity,draft,
SK0510,시장조사,시장조사,,job_skill,identity,draft,
SK0511,시험,시험,,job_skill,identity,draft,
SK0512,시험규격,시험규격,,job_skill,identity,draft,
SK0513,시험비행,시험비행,,job_skill,identity,draft,
SK0514,시험운용,시험운용,,job_skill,identity,draft,
SK0515,아키텍처,아키텍처,전공/지식,posting_keyword,identity,draft,
SK0516,안전,안전,,job_skill,identity,draft,
SK0517,안테나,안테나,,job_skill,identity,draft,
SK0518,알고리즘,알고리즘,전공/지식,posting_keyword,identity,draft,
SK0519,알고리즘개발,알고리즘개발,업무/직무역량,posting_keyword,identity,draft,
SK0520,액추에이터,액추에이터,,job_skill,identity,draft,
SK0521,에너지,에너지,산업/도메인,posting_keyword,identity,draft,
SK0522,에폭시,에폭시,기계/제조,posting_keyword,identity,draft,
SK0523,엔진,엔진,,job_skill,identity,draft,
SK0524,연구원,연구원,업무/직무역량,posting_keyword,identity,draft,
SK0525,연료계통,연료계통,,job_skill,identity,draft,
SK0526,연소,연소,,job_skill,identity,draft,
SK0527,열설계,열설계,,job_skill,identity,draft,
SK0528,열유체,열유체,,job_skill,identity,draft,
SK0529,열응력,열응력,,job_skill,identity,draft,
SK0530,열폭주,열폭주,,job_skill,identity,draft,
SK0531,열해석,열해석,,job_skill,identity,draft,
SK0532,영상링크,영상링크,,job_skill,identity,draft,
SK0533,영상분할,영상분할,AI/ML,posting_keyword,identity,draft,
SK0534,영상처리,영상처리,AI/ML,posting_keyword,identity,draft,
SK0535,영업,영업,업무/직무역량,posting_keyword,identity,draft,
SK0536,온보드연계,온보드연계,업무/직무역량,posting_keyword,identity,draft,
SK0537,요구도관리,요구도관리,,job_skill,identity,draft,
SK0538,요구사항,요구사항,,job_skill,identity,draft,
SK0539,운영설계,운영설계,,job_skill,identity,draft,
SK0540,운전면허,운전면허,자격증,posting_keyword,identity,draft,
SK0541,원가,원가,,job_skill,identity,draft,
SK0542,위험관리,위험관리,,job_skill,identity,draft,
SK0543,유체,유체,,job_skill,identity,draft,
SK0544,인터페이스,인터페이스,,job_skill,identity,draft,
SK0545,일정,일정,,job_skill,identity,draft,
SK0546,임무계획,임무계획,,job_skill,identity,draft,
SK0547,임무분석,임무분석,,job_skill,identity,draft,
SK0548,임베디드,임베디드,하드웨어/전자,job_skill;posting_keyword,identity,draft,
SK0549,임베디드리눅스,임베디드리눅스,개발도구/SW,posting_keyword,identity,draft,
SK0550,자동화시험,자동화시험,,job_skill,identity,draft,
SK0551,자율비행,자율비행,비행제어/드론플랫폼,posting_keyword,identity,draft,
SK0552,자재관리,자재관리,기계/제조,posting_keyword,identity,draft,
SK0553,장비설계,장비설계,CAD/설계,posting_keyword,identity,draft,
SK0554,재고관리,재고관리,,job_skill,identity,draft,
SK0555,전기추진,전기추진,하드웨어/전자,posting_keyword,identity,draft,
SK0556,전력전자,전력전자,,job_skill,identity,draft,
SK0557,전원,전원,,job_skill,identity,draft,
SK0558,전원분배,전원분배,,job_skill,identity,draft,
SK0559,전자공학,전자공학,전공/지식,posting_keyword,identity,draft,
SK0560,전자기해석,전자기해석,,job_skill,identity,draft,
SK0561,전장설계,전장설계,하드웨어/전자,posting_keyword,identity,draft,
SK0562,전파해석,전파해석,,job_skill,identity,draft,
SK0563,접착,접착,,job_skill,identity,draft,
SK0564,정비,정비,,job_skill,identity,draft,
SK0565,제어이론,제어이론,,job_skill,identity,draft,
SK0566,제작,제작,,job_skill,identity,draft,
SK0567,제품기획,제품기획,,job_skill,identity,draft,
SK0568,제품설계,제품설계,CAD/설계,posting_keyword,identity,draft,
SK0569,조립,조립,,job_skill,identity,draft,
SK0570,조종,조종,업무/직무역량,job_skill;posting_keyword,identity,draft,
SK0571,좌표계,좌표계,,job_skill,identity,draft,
SK0572,중량중심,중량중심,,job_skill,identity,draft,
SK0573,중량추정,중량추정,,job_skill,identity,draft,
SK0574,지도제작기능사,지도제작기능사,자격증,posting_keyword,identity,draft,
SK0575,지적기사,지적기사,자격증,posting_keyword,identity,draft,
SK0576,진단,진단,,job_skill,identity,draft,
SK0577,진동,진동,,job_skill,identity,draft,
SK0578,짐벌 및 카메라 셋업,짐벌 및 카메라 셋업,하드웨어/전자,posting_keyword,identity,draft,
SK0579,짐벌제어,짐벌제어,,job_skill,identity,draft,
SK0580,천이비행,천이비행,,job_skill,identity,draft,
SK0581,초경량무인비행 조정,초경량무인비행 조정,자격증,posting_keyword,identity,draft,
SK0582,초경량비행장치 조종자,초경량비행장치 조종자,자격증,posting_keyword,identity,draft,
SK0583,촬영,촬영,업무/직무역량,posting_keyword,identity,draft,
SK0584,추진계통,추진계통,,job_skill,identity,draft,
SK0585,측량,측량,GIS/공간정보,posting_keyword,identity,draft,
SK0586,측량기능사,측량기능사,자격증,posting_keyword,identity,draft,
SK0587,측량및지형공간정보기사,측량및지형공간정보기사,자격증,posting_keyword,identity,draft,
SK0588,측정,측정,,job_skill,identity,draft,
SK0589,치공구,치공구,,job_skill,identity,draft,
SK0590,컴퓨터비전,컴퓨터비전,AI/ML,posting_keyword,identity,draft,
SK0591,토목공학,토목공학,전공/지식,posting_keyword,identity,draft,
SK0592,토크관리,토크관리,,job_skill,identity,draft,
SK0593,팀워크,팀워크,업무/직무역량,posting_keyword,identity,draft,
SK0594,파트너십,파트너십,,job_skill,identity,draft,
SK0595,펌웨어,펌웨어,업무/직무역량,posting_keyword,identity,draft,
SK0596,품질문서,품질문서,,job_skill,identity,draft,
SK0597,품질분석,품질분석,업무/직무역량,posting_keyword,identity,draft,
SK0598,풍동시험,풍동시험,,job_skill,identity,draft,
SK0599,하네스,하네스,,job_skill,identity,draft,
SK0600,항공,항공,산업/도메인,posting_keyword,identity,draft,
SK0601,항공기,항공기,산업/도메인,posting_keyword,identity,draft,
SK0602,항공법규,항공법규,,job_skill,identity,draft,
SK0603,항공사진기능사,항공사진기능사,자격증,posting_keyword,identity,draft,
SK0604,항공역학,항공역학,,job_skill,identity,draft,
SK0605,항공우주공학,항공우주공학,전공/지식,posting_keyword,identity,draft,
SK0606,항공정비,항공정비,업무/직무역량,posting_keyword,identity,draft,
SK0607,항전,항전,,job_skill,identity,draft,
SK0608,현장구축,현장구축,,job_skill,identity,draft,
SK0609,현장안전,현장안전,,job_skill,identity,draft,
SK0610,현장운용,현장운용,,job_skill,identity,draft,
SK0611,협력사관리,협력사관리,,job_skill,identity,draft,
SK0612,형상관리,형상관리,,job_skill,identity,draft,
SK0613,환경시험,환경시험,,job_skill,identity,draft,
SK0614,회로설계,회로설계,하드웨어/전자,posting_keyword,identity,draft,
SK0615,회전익,회전익,,job_skill,identity,draft,
SK0616,회전체동역학,회전체동역학,,job_skill,identity,draft,
