company_id,회사명,table_id,source_row_no,과 목,원본열_02,제33 2분기,제32기,제31기,비 고
CMP0212,이지시스템,CMP0212-T-27-3,2,원 재 료 비,,-,"8,998",-,-
CMP0212,이지시스템,CMP0212-T-27-3,3,인 건 비,,"157,870","314,104","296,785",-
CMP0212,이지시스템,CMP0212-T-27-3,4,감 가 상 각 비,,"2,725","5,669","6,099",-
CMP0212,이지시스템,CMP0212-T-27-3,5,위 탁 용 역 비,,"11,940","49,655","44,513",-
CMP0212,이지시스템,CMP0212-T-27-3,6,기 타,,"63,002","139,334","124,267",-
CMP0212,이지시스템,CMP0212-T-27-3,7,연구개발비용 계,,"235,537","517,760","471,664",-
CMP0212,이지시스템,CMP0212-T-27-3,8,회계처리,판매비와 관리비,"235,537","517,760","471,664",-
CMP0212,이지시스템,CMP0212-T-27-3,9,,제조경비,-,-,-,-
CMP0212,이지시스템,CMP0212-T-27-3,10,,개발비(무형자산),-,-,-,-
CMP0212,이지시스템,CMP0212-T-27-3,11,연구개발비 / 매출액 비율 [연구개발비용계÷당기매출액×100],,2.8%,2.8%,3.2%,-
