job_id,직무,기술,기술 한글명,관계,course_id,연결 과정,NCS명,이 과정이 연결된 기술 수
DJ-011,드론 개념·형상설계 엔지니어,CAD,컴퓨터 지원 설계,일부 포함,AIG20250000516588,드론 조립 및 분해(유지보수),소형무인기운용·조종,149
DJ-023,드론 랜딩기어·전개기구 설계자,CAD,컴퓨터 지원 설계,일부 포함,AIG20250000516588,드론 조립 및 분해(유지보수),소형무인기운용·조종,149
DJ-015,무인항공기 구조설계 엔지니어,CAD,컴퓨터 지원 설계,일부 포함,AIG20250000516588,드론 조립 및 분해(유지보수),소형무인기운용·조종,149
DJ-029,드론 3D프린팅 시제품 기술자,DfAM,적층제조 특화 설계,일부 포함,AIG20250000516588,드론 조립 및 분해(유지보수),소형무인기운용·조종,149
DJ-029,드론 3D프린팅 시제품 기술자,FDM,용융 적층 3D 프린팅,일부 포함,AIG20250000516588,드론 조립 및 분해(유지보수),소형무인기운용·조종,149
DJ-029,드론 3D프린팅 시제품 기술자,SLA,광경화 3D 프린팅,일부 포함,AIG20250000516588,드론 조립 및 분해(유지보수),소형무인기운용·조종,149
DJ-029,드론 3D프린팅 시제품 기술자,SLS,선택적 레이저 소결,일부 포함,AIG20250000516588,드론 조립 및 분해(유지보수),소형무인기운용·조종,149
DJ-032,드론 생산시험 기술자,검사,검사,일부 포함,AIG20250000516588,드론 조립 및 분해(유지보수),소형무인기운용·조종,149
DJ-033,드론 자재·BOM 관리 담당자,BOM,자재명세서,일부 포함,AIG20250000516588,드론 조립 및 분해(유지보수),소형무인기운용·조종,149
DJ-033,드론 자재·BOM 관리 담당자,ERP,전사적 자원관리,일부 포함,AIG20250000516588,드론 조립 및 분해(유지보수),소형무인기운용·조종,149
DJ-028,드론 정밀가공 기술자,CAM,컴퓨터 지원 제조,일부 포함,AIG20250000516588,드론 조립 및 분해(유지보수),소형무인기운용·조종,149
DJ-028,드론 정밀가공 기술자,CNC,컴퓨터 수치제어 가공,일부 포함,AIG20250000516588,드론 조립 및 분해(유지보수),소형무인기운용·조종,149
DJ-031,드론 조립원,납땜,납땜,일부 포함,AIG20250000516588,드론 조립 및 분해(유지보수),소형무인기운용·조종,149
DJ-034,드론 품질검사원,검사,검사,일부 포함,AIG20250000516588,드론 조립 및 분해(유지보수),소형무인기운용·조종,149
DJ-034,드론 품질검사원,품질문서,품질문서,일부 포함,AIG20250000516588,드론 조립 및 분해(유지보수),소형무인기운용·조종,149
DJ-194,드론 정비교육 강사,Diagnostics,Diagnostics 관련 기술,일부 포함,AIG20250000516588,드론 조립 및 분해(유지보수),소형무인기운용·조종,149
DJ-010,드론 조달·공급망 담당자,BOM,자재명세서,일부 포함,AIG20250000516588,드론 조립 및 분해(유지보수),소형무인기운용·조종,149
DJ-117,드론 배터리 정비·관리자,Battery,Battery 관련 기술,일부 포함,AIG20250000516588,드론 조립 및 분해(유지보수),소형무인기운용·조종,149
DJ-118,드론 서비스센터 정비 엔지니어,Repair,Repair 관련 기술,일부 포함,AIG20250000516588,드론 조립 및 분해(유지보수),소형무인기운용·조종,149
DJ-114,드론 정비사,납땜,납땜,일부 포함,AIG20250000516588,드론 조립 및 분해(유지보수),소형무인기운용·조종,149
DJ-114,드론 정비사,진단,진단,일부 포함,AIG20250000516588,드론 조립 및 분해(유지보수),소형무인기운용·조종,149
DJ-116,드론 추진계통 정비사,Motor,Motor 관련 기술,일부 포함,AIG20250000516588,드론 조립 및 분해(유지보수),소형무인기운용·조종,149
DJ-115,드론 항전 정비사,Diagnostics,Diagnostics 관련 기술,일부 포함,AIG20250000516588,드론 조립 및 분해(유지보수),소형무인기운용·조종,149
DJ-115,드론 항전 정비사,Wiring,Wiring 관련 기술,일부 포함,AIG20250000516588,드론 조립 및 분해(유지보수),소형무인기운용·조종,149
DJ-113,산업용 드론 생산·정비원,CAD,컴퓨터 지원 설계,일부 포함,AIG20250000516588,드론 조립 및 분해(유지보수),소형무인기운용·조종,149
DJ-113,산업용 드론 생산·정비원,생산,생산,일부 포함,AIG20250000516588,드론 조립 및 분해(유지보수),소형무인기운용·조종,149
DJ-138,드론쇼 현장 기술자,Battery,Battery 관련 기술,일부 포함,AIG20250000516588,드론 조립 및 분해(유지보수),소형무인기운용·조종,149
DJ-059,드론 지상통제소 소프트웨어 개발자,C++,C++ 프로그래밍,일부 포함,AIG20250000501335,AIOT 기반 드론 영상 관제시스템 프로젝트 개발,응용SW엔지니어링,147
DJ-054,드론 센서융합 엔지니어,ROS,로봇 운영체제(ROS),일부 포함,AIG20250000501335,AIOT 기반 드론 영상 관제시스템 프로젝트 개발,응용SW엔지니어링,147
DJ-050,드론 임베디드 펌웨어 개발자,C/C++,C·C++ 프로그래밍,일부 포함,AIG20250000501335,AIOT 기반 드론 영상 관제시스템 프로젝트 개발,응용SW엔지니어링,147
DJ-195,드론 소프트웨어 교육강사,Python,파이썬,일부 포함,AIG20250000501335,AIOT 기반 드론 영상 관제시스템 프로젝트 개발,응용SW엔지니어링,147
DJ-195,드론 소프트웨어 교육강사,ROS,로봇 운영체제(ROS),일부 포함,AIG20250000501335,AIOT 기반 드론 영상 관제시스템 프로젝트 개발,응용SW엔지니어링,147
DJ-075,드론 영상탐지·추적 AI 개발자,Detection,Detection 관련 기술,일부 포함,AIG20250000501335,AIOT 기반 드론 영상 관제시스템 프로젝트 개발,응용SW엔지니어링,147
DJ-075,드론 영상탐지·추적 AI 개발자,Tracking,객체 추적,일부 포함,AIG20250000501335,AIOT 기반 드론 영상 관제시스템 프로젝트 개발,응용SW엔지니어링,147
DJ-070,드론 자율비행 소프트웨어 개발자,C++,C++ 프로그래밍,일부 포함,AIG20250000501335,AIOT 기반 드론 영상 관제시스템 프로젝트 개발,응용SW엔지니어링,147
DJ-070,드론 자율비행 소프트웨어 개발자,Python,파이썬,일부 포함,AIG20250000501335,AIOT 기반 드론 영상 관제시스템 프로젝트 개발,응용SW엔지니어링,147
DJ-070,드론 자율비행 소프트웨어 개발자,ROS2,로봇 운영체제 2(ROS2),일부 포함,AIG20250000501335,AIOT 기반 드론 영상 관제시스템 프로젝트 개발,응용SW엔지니어링,147
DJ-072,드론 장애물 탐지·회피 개발자,CV,컴퓨터 비전,일부 포함,AIG20250000501335,AIOT 기반 드론 영상 관제시스템 프로젝트 개발,응용SW엔지니어링,147
DJ-074,드론 컴퓨터비전 엔지니어,Deep Learning,딥러닝,일부 포함,AIG20250000501335,AIOT 기반 드론 영상 관제시스템 프로젝트 개발,응용SW엔지니어링,147
DJ-074,드론 컴퓨터비전 엔지니어,OpenCV,오픈소스 컴퓨터 비전 라이브러리,일부 포함,AIG20250000501335,AIOT 기반 드론 영상 관제시스템 프로젝트 개발,응용SW엔지니어링,147
DJ-074,드론 컴퓨터비전 엔지니어,YOLO,YOLO 객체탐지,일부 포함,AIG20250000501335,AIOT 기반 드론 영상 관제시스템 프로젝트 개발,응용SW엔지니어링,147
DJ-073,드론 SLAM 엔지니어,ROS,로봇 운영체제(ROS),일부 포함,AIG20250000501335,AIOT 기반 드론 영상 관제시스템 프로젝트 개발,응용SW엔지니어링,147
DJ-090,드론 비행데이터 분석가,Python,파이썬,일부 포함,AIG20250000501335,AIOT 기반 드론 영상 관제시스템 프로젝트 개발,응용SW엔지니어링,147
DJ-103,드론 운항관리자,규정,규정,일부 포함,AIG20250000502620,초경량비행장치 무인멀티콥터(드론)조종자 1종 국가자격취득과정(이론+실기),소형무인기운용·조종,68
DJ-103,드론 운항관리자,안전,안전,일부 포함,AIG20250000502620,초경량비행장치 무인멀티콥터(드론)조종자 1종 국가자격취득과정(이론+실기),소형무인기운용·조종,68
DJ-095,드론 파일럿,안전,안전,일부 포함,AIG20250000502620,초경량비행장치 무인멀티콥터(드론)조종자 1종 국가자격취득과정(이론+실기),소형무인기운용·조종,68
DJ-095,드론 파일럿,항공법규,항공법규,일부 포함,AIG20250000502620,초경량비행장치 무인멀티콥터(드론)조종자 1종 국가자격취득과정(이론+실기),소형무인기운용·조종,68
DJ-097,무인비행기 조종자,비상절차,비상절차,일부 포함,AIG20250000502620,초경량비행장치 무인멀티콥터(드론)조종자 1종 국가자격취득과정(이론+실기),소형무인기운용·조종,68
DJ-100,FPV 드론 조종자,수동조종,수동조종,일부 포함,AIG20250000502620,초경량비행장치 무인멀티콥터(드론)조종자 1종 국가자격취득과정(이론+실기),소형무인기운용·조종,68
DJ-099,VTOL 무인기 조종자,VTOL,수직이착륙,일부 포함,AIG20250000502620,초경량비행장치 무인멀티콥터(드론)조종자 1종 국가자격취득과정(이론+실기),소형무인기운용·조종,68
DJ-064,드론 LiDAR 탑재체 엔지니어,LiDAR,라이다,일부 포함,AIG20250000520214,특화드론운용 및 2D/3D공간정보 촬영 편집(A반),소형무인기운용·조종,64
DJ-195,드론 소프트웨어 교육강사,GIS,지리정보시스템,일부 포함,AIG20250000520214,특화드론운용 및 2D/3D공간정보 촬영 편집(A반),소형무인기운용·조종,64
DJ-199,드론 산업통계 분석가,Survey,Survey 관련 기술,일부 포함,AIG20250000520214,특화드론운용 및 2D/3D공간정보 촬영 편집(A반),소형무인기운용·조종,64
DJ-102,드론 임무계획 담당자,GIS,지리정보시스템,일부 포함,AIG20250000520214,특화드론운용 및 2D/3D공간정보 촬영 편집(A반),소형무인기운용·조종,64
DJ-143,농업드론 파종·시비 작업자,GIS,지리정보시스템,일부 포함,AIG20250000520214,특화드론운용 및 2D/3D공간정보 촬영 편집(A반),소형무인기운용·조종,64
DJ-148,드론 산림조사원,LiDAR,라이다,일부 포함,AIG20250000520214,특화드론운용 및 2D/3D공간정보 촬영 편집(A반),소형무인기운용·조종,64
DJ-153,드론 야생동물·생태 조사원,GIS,지리정보시스템,일부 포함,AIG20250000520214,특화드론운용 및 2D/3D공간정보 촬영 편집(A반),소형무인기운용·조종,64
DJ-146,드론 정밀농업 분석가,GIS,지리정보시스템,일부 포함,AIG20250000520214,특화드론운용 및 2D/3D공간정보 촬영 편집(A반),소형무인기운용·조종,64
DJ-147,드론 축산·가축 모니터링 담당자,GIS,지리정보시스템,일부 포함,AIG20250000520214,특화드론운용 및 2D/3D공간정보 촬영 편집(A반),소형무인기운용·조종,64
DJ-151,드론 환경모니터링 조사원,GIS,지리정보시스템,일부 포함,AIG20250000520214,특화드론운용 및 2D/3D공간정보 촬영 편집(A반),소형무인기운용·조종,64
DJ-180,드론 해양오염 조사원,GIS,지리정보시스템,일부 포함,AIG20250000520214,특화드론운용 및 2D/3D공간정보 촬영 편집(A반),소형무인기운용·조종,64
DJ-158,드론 건설공정 관리자,Volume,Volume 관련 기술,일부 포함,AIG20250000520214,특화드론운용 및 2D/3D공간정보 촬영 편집(A반),소형무인기운용·조종,64
DJ-168,드론 광산·토공량 측정 전문가,Point Cloud,점군 데이터,일부 포함,AIG20250000520214,특화드론운용 및 2D/3D공간정보 촬영 편집(A반),소형무인기운용·조종,64
DJ-168,드론 광산·토공량 측정 전문가,Volume,Volume 관련 기술,일부 포함,AIG20250000520214,특화드론운용 및 2D/3D공간정보 촬영 편집(A반),소형무인기운용·조종,64
DJ-161,드론 도로·철도 점검원,GIS,지리정보시스템,일부 포함,AIG20250000520214,특화드론운용 및 2D/3D공간정보 촬영 편집(A반),소형무인기운용·조종,64
DJ-169,드론 문화유산 조사·보존 기록가,Photogrammetry,사진측량,일부 포함,AIG20250000520214,특화드론운용 및 2D/3D공간정보 촬영 편집(A반),소형무인기운용·조종,64
DJ-155,드론 사진측량사,GIS,지리정보시스템,일부 포함,AIG20250000520214,특화드론운용 및 2D/3D공간정보 촬영 편집(A반),소형무인기운용·조종,64
DJ-155,드론 사진측량사,Photogrammetry,사진측량,일부 포함,AIG20250000520214,특화드론운용 및 2D/3D공간정보 촬영 편집(A반),소형무인기운용·조종,64
DJ-155,드론 사진측량사,SfM,영상 기반 3차원 복원,일부 포함,AIG20250000520214,특화드론운용 및 2D/3D공간정보 촬영 편집(A반),소형무인기운용·조종,64
DJ-157,드론 지적·토지 조사원,Cadastral,Cadastral 관련 기술,일부 포함,AIG20250000520214,특화드론운용 및 2D/3D공간정보 촬영 편집(A반),소형무인기운용·조종,64
DJ-157,드론 지적·토지 조사원,GIS,지리정보시스템,일부 포함,AIG20250000520214,특화드론운용 및 2D/3D공간정보 촬영 편집(A반),소형무인기운용·조종,64
DJ-157,드론 지적·토지 조사원,Survey,Survey 관련 기술,일부 포함,AIG20250000520214,특화드론운용 및 2D/3D공간정보 촬영 편집(A반),소형무인기운용·조종,64
DJ-154,드론 측량 현장기술자,GIS,지리정보시스템,일부 포함,AIG20250000520214,특화드론운용 및 2D/3D공간정보 촬영 편집(A반),소형무인기운용·조종,64
DJ-154,드론 측량 현장기술자,GNSS,위성항법시스템,일부 포함,AIG20250000520214,특화드론운용 및 2D/3D공간정보 촬영 편집(A반),소형무인기운용·조종,64
DJ-154,드론 측량 현장기술자,Surveying,Surveying 관련 기술,일부 포함,AIG20250000520214,특화드론운용 및 2D/3D공간정보 촬영 편집(A반),소형무인기운용·조종,64
DJ-156,드론 LiDAR 측량 기술자,GNSS/INS,위성·관성 결합항법,일부 포함,AIG20250000520214,특화드론운용 및 2D/3D공간정보 촬영 편집(A반),소형무인기운용·조종,64
DJ-156,드론 LiDAR 측량 기술자,LiDAR,라이다,일부 포함,AIG20250000520214,특화드론운용 및 2D/3D공간정보 촬영 편집(A반),소형무인기운용·조종,64
DJ-156,드론 LiDAR 측량 기술자,Point Cloud,점군 데이터,일부 포함,AIG20250000520214,특화드론운용 및 2D/3D공간정보 촬영 편집(A반),소형무인기운용·조종,64
DJ-065,드론 레이더 탑재체 엔지니어,SAR,합성개구레이더,일부 포함,AIG20250000531993,무인항공기 임무비행 전문가,소형무인기운용·조종,41
DJ-173,경찰 드론 순찰·수사 지원요원,Public Safety,Public Safety 관련 기술,일부 포함,AIG20250000531993,무인항공기 임무비행 전문가,소형무인기운용·조종,41
DJ-171,드론 수색구조 요원,SAR,합성개구레이더,일부 포함,AIG20250000531993,무인항공기 임무비행 전문가,소형무인기운용·조종,41
DJ-180,드론 해양오염 조사원,Marine Pollution,Marine Pollution 관련 기술,일부 포함,AIG20250000531993,무인항공기 임무비행 전문가,소형무인기운용·조종,41
DJ-172,소방 드론 운용요원,Fireground,Fireground 관련 기술,일부 포함,AIG20250000531993,무인항공기 임무비행 전문가,소형무인기운용·조종,41
DJ-172,소방 드론 운용요원,ICS,ICS 관련 기술,일부 포함,AIG20250000531993,무인항공기 임무비행 전문가,소형무인기운용·조종,41
DJ-170,재난현장 드론 운용요원,Incident Response,Incident Response 관련 기술,일부 포함,AIG20250000531993,무인항공기 임무비행 전문가,소형무인기운용·조종,41
DJ-179,해양 드론 안전감시원,Maritime Ops,Maritime Ops 관련 기술,일부 포함,AIG20250000531993,무인항공기 임무비행 전문가,소형무인기운용·조종,41
DJ-192,드론 교육 콘텐츠 제작자,Video,Video 관련 기술,일부 포함,ACG20263001414787,[촬영용 드론] 드론을 활용한 영상촬영 및 편집기술,소형무인기운용·조종,31
DJ-136,드론 라이트쇼 디자이너,Motion Graphics,모션 그래픽,일부 포함,ACG20263001414787,[촬영용 드론] 드론을 활용한 영상촬영 및 편집기술,소형무인기운용·조종,31
DJ-133,드론 방송중계 운용자,Broadcast,방송 송출,일부 포함,ACG20263001414787,[촬영용 드론] 드론을 활용한 영상촬영 및 편집기술,소형무인기운용·조종,31
DJ-132,드론 영상촬영 감독,Color,색보정,일부 포함,ACG20263001414787,[촬영용 드론] 드론을 활용한 영상촬영 및 편집기술,소형무인기운용·조종,31
DJ-134,FPV 드론 촬영가,Video,Video 관련 기술,일부 포함,ACG20263001414787,[촬영용 드론] 드론을 활용한 영상촬영 및 편집기술,소형무인기운용·조종,31
DJ-142,농업드론 방제사,Spraying,Spraying 관련 기술,일부 포함,AVA20263001321903,"드론 활용실무(건설, 물류, 방제용 드론)",소형무인기운용·조종,27
DJ-142,농업드론 방제사,농약안전,농약안전,일부 포함,AVA20263001321903,"드론 활용실무(건설, 물류, 방제용 드론)",소형무인기운용·조종,27
DJ-143,농업드론 파종·시비 작업자,Seeding,Seeding 관련 기술,일부 포함,AVA20263001321903,"드론 활용실무(건설, 물류, 방제용 드론)",소형무인기운용·조종,27
DJ-143,농업드론 파종·시비 작업자,Variable Rate,Variable Rate 관련 기술,일부 포함,AVA20263001321903,"드론 활용실무(건설, 물류, 방제용 드론)",소형무인기운용·조종,27
DJ-149,드론 산림병해충 예찰원,Pest Monitoring,Pest Monitoring 관련 기술,일부 포함,AVA20263001321903,"드론 활용실무(건설, 물류, 방제용 드론)",소형무인기운용·조종,27
DJ-144,드론 인공수분 작업자,Pollination,Pollination 관련 기술,일부 포함,AVA20263001321903,"드론 활용실무(건설, 물류, 방제용 드론)",소형무인기운용·조종,27
DJ-144,드론 인공수분 작업자,농업,농업,일부 포함,AVA20263001321903,"드론 활용실무(건설, 물류, 방제용 드론)",소형무인기운용·조종,27
DJ-144,드론 인공수분 작업자,살포,살포,일부 포함,AVA20263001321903,"드론 활용실무(건설, 물류, 방제용 드론)",소형무인기운용·조종,27
DJ-145,드론 작황·생육 조사원,Agronomy,Agronomy 관련 기술,일부 포함,AVA20263001321903,"드론 활용실무(건설, 물류, 방제용 드론)",소형무인기운용·조종,27
DJ-145,드론 작황·생육 조사원,NDVI,정규식생지수,일부 포함,AVA20263001321903,"드론 활용실무(건설, 물류, 방제용 드론)",소형무인기운용·조종,27
DJ-146,드론 정밀농업 분석가,Agronomy,Agronomy 관련 기술,일부 포함,AVA20263001321903,"드론 활용실무(건설, 물류, 방제용 드론)",소형무인기운용·조종,27
DJ-184,드론 스테이션 운영자,Drone Station,Drone Station 관련 기술,일부 포함,AIG20263001344830,(산대특)스마트물류산업 분야 드론배송 실무자 양성과정_육성,소형무인기운용·조종,3
DJ-185,드론 창고재고 조사원,Barcode,Barcode 관련 기술,일부 포함,AIG20263001344830,(산대특)스마트물류산업 분야 드론배송 실무자 양성과정_육성,소형무인기운용·조종,3
DJ-185,드론 창고재고 조사원,WMS,WMS 관련 기술,일부 포함,AIG20263001344830,(산대특)스마트물류산업 분야 드론배송 실무자 양성과정_육성,소형무인기운용·조종,3
DJ-019,고정익 무인기 기체개발 엔지니어,고정익,고정익,선수 학습(기초 참고),AIG20250000516588,드론 조립 및 분해(유지보수),소형무인기운용·조종,149
DJ-019,고정익 무인기 기체개발 엔지니어,공력,공력,선수 학습(기초 참고),AIG20250000516588,드론 조립 및 분해(유지보수),소형무인기운용·조종,149
DJ-019,고정익 무인기 기체개발 엔지니어,복합재,복합재,선수 학습(기초 참고),AIG20250000516588,드론 조립 및 분해(유지보수),소형무인기운용·조종,149
DJ-011,드론 개념·형상설계 엔지니어,중량추정,중량추정,선수 학습(기초 참고),AIG20250000516588,드론 조립 및 분해(유지보수),소형무인기운용·조종,149
DJ-011,드론 개념·형상설계 엔지니어,항공역학,항공역학,선수 학습(기초 참고),AIG20250000516588,드론 조립 및 분해(유지보수),소형무인기운용·조종,149
DJ-012,드론 공력설계 엔지니어,CFD,전산유체역학,선수 학습(기초 참고),AIG20250000516588,드론 조립 및 분해(유지보수),소형무인기운용·조종,149
DJ-012,드론 공력설계 엔지니어,풍동시험,풍동시험,선수 학습(기초 참고),AIG20250000516588,드론 조립 및 분해(유지보수),소형무인기운용·조종,149
DJ-012,드론 공력설계 엔지니어,항공역학,항공역학,선수 학습(기초 참고),AIG20250000516588,드론 조립 및 분해(유지보수),소형무인기운용·조종,149
DJ-017,드론 기구설계 엔지니어,공차,공차,선수 학습(기초 참고),AIG20250000516588,드론 조립 및 분해(유지보수),소형무인기운용·조종,149
DJ-017,드론 기구설계 엔지니어,기구설계,기구설계,선수 학습(기초 참고),AIG20250000516588,드론 조립 및 분해(유지보수),소형무인기운용·조종,149
DJ-023,드론 랜딩기어·전개기구 설계자,메커니즘,메커니즘,선수 학습(기초 참고),AIG20250000516588,드론 조립 및 분해(유지보수),소형무인기운용·조종,149
DJ-023,드론 랜딩기어·전개기구 설계자,액추에이터,액추에이터,선수 학습(기초 참고),AIG20250000516588,드론 조립 및 분해(유지보수),소형무인기운용·조종,149
DJ-014,드론 비행역학 엔지니어,비행역학,비행역학,선수 학습(기초 참고),AIG20250000516588,드론 조립 및 분해(유지보수),소형무인기운용·조종,149
DJ-014,드론 비행역학 엔지니어,상태공간,상태공간,선수 학습(기초 참고),AIG20250000516588,드론 조립 및 분해(유지보수),소형무인기운용·조종,149
DJ-014,드론 비행역학 엔지니어,시뮬레이션,시뮬레이션,선수 학습(기초 참고),AIG20250000516588,드론 조립 및 분해(유지보수),소형무인기운용·조종,149
DJ-013,드론 성능해석 엔지니어,MATLAB,매트랩,선수 학습(기초 참고),AIG20250000516588,드론 조립 및 분해(유지보수),소형무인기운용·조종,149
DJ-013,드론 성능해석 엔지니어,모델링,모델링,선수 학습(기초 참고),AIG20250000516588,드론 조립 및 분해(유지보수),소형무인기운용·조종,149
DJ-013,드론 성능해석 엔지니어,비행성능,비행성능,선수 학습(기초 참고),AIG20250000516588,드론 조립 및 분해(유지보수),소형무인기운용·조종,149
DJ-018,멀티콥터 기체개발 엔지니어,경량화,경량화,선수 학습(기초 참고),AIG20250000516588,드론 조립 및 분해(유지보수),소형무인기운용·조종,149
DJ-018,멀티콥터 기체개발 엔지니어,멀티콥터,멀티콥터,선수 학습(기초 참고),AIG20250000516588,드론 조립 및 분해(유지보수),소형무인기운용·조종,149
DJ-018,멀티콥터 기체개발 엔지니어,진동,진동,선수 학습(기초 참고),AIG20250000516588,드론 조립 및 분해(유지보수),소형무인기운용·조종,149
DJ-022,무인비행선 개발 엔지니어,경량구조,경량구조,선수 학습(기초 참고),AIG20250000516588,드론 조립 및 분해(유지보수),소형무인기운용·조종,149
DJ-022,무인비행선 개발 엔지니어,부력,부력,선수 학습(기초 참고),AIG20250000516588,드론 조립 및 분해(유지보수),소형무인기운용·조종,149
DJ-022,무인비행선 개발 엔지니어,비행선,비행선,선수 학습(기초 참고),AIG20250000516588,드론 조립 및 분해(유지보수),소형무인기운용·조종,149
DJ-015,무인항공기 구조설계 엔지니어,AS9100,항공우주 품질경영시스템,선수 학습(기초 참고),AIG20250000516588,드론 조립 및 분해(유지보수),소형무인기운용·조종,149
DJ-015,무인항공기 구조설계 엔지니어,CATIA,카티아 3D 설계,선수 학습(기초 참고),AIG20250000516588,드론 조립 및 분해(유지보수),소형무인기운용·조종,149
DJ-015,무인항공기 구조설계 엔지니어,구조설계,구조설계,선수 학습(기초 참고),AIG20250000516588,드론 조립 및 분해(유지보수),소형무인기운용·조종,149
DJ-020,회전익 무인기 기체개발 엔지니어,로터역학,로터역학,선수 학습(기초 참고),AIG20250000516588,드론 조립 및 분해(유지보수),소형무인기운용·조종,149
DJ-020,회전익 무인기 기체개발 엔지니어,진동,진동,선수 학습(기초 참고),AIG20250000516588,드론 조립 및 분해(유지보수),소형무인기운용·조종,149
DJ-020,회전익 무인기 기체개발 엔지니어,회전익,회전익,선수 학습(기초 참고),AIG20250000516588,드론 조립 및 분해(유지보수),소형무인기운용·조종,149
DJ-016,UAV 구조해석 엔지니어,ANSYS,앤시스 공학해석,선수 학습(기초 참고),AIG20250000516588,드론 조립 및 분해(유지보수),소형무인기운용·조종,149
DJ-016,UAV 구조해석 엔지니어,FEM,유한요소해석,선수 학습(기초 참고),AIG20250000516588,드론 조립 및 분해(유지보수),소형무인기운용·조종,149
DJ-016,UAV 구조해석 엔지니어,NASTRAN,NASTRAN 관련 기술,선수 학습(기초 참고),AIG20250000516588,드론 조립 및 분해(유지보수),소형무인기운용·조종,149
DJ-021,VTOL 무인기 기체개발 엔지니어,VTOL,수직이착륙,선수 학습(기초 참고),AIG20250000516588,드론 조립 및 분해(유지보수),소형무인기운용·조종,149
DJ-021,VTOL 무인기 기체개발 엔지니어,기구설계,기구설계,선수 학습(기초 참고),AIG20250000516588,드론 조립 및 분해(유지보수),소형무인기운용·조종,149
DJ-021,VTOL 무인기 기체개발 엔지니어,천이비행,천이비행,선수 학습(기초 참고),AIG20250000516588,드론 조립 및 분해(유지보수),소형무인기운용·조종,149
DJ-027,드론 복합재 제작원,CFRP,탄소섬유 강화 복합재,선수 학습(기초 참고),AIG20250000516588,드론 조립 및 분해(유지보수),소형무인기운용·조종,149
DJ-027,드론 복합재 제작원,GFRP,유리섬유 강화 복합재,선수 학습(기초 참고),AIG20250000516588,드론 조립 및 분해(유지보수),소형무인기운용·조종,149
DJ-027,드론 복합재 제작원,성형,성형,선수 학습(기초 참고),AIG20250000516588,드론 조립 및 분해(유지보수),소형무인기운용·조종,149
DJ-027,드론 복합재 제작원,접착,접착,선수 학습(기초 참고),AIG20250000516588,드론 조립 및 분해(유지보수),소형무인기운용·조종,149
DJ-030,드론 생산기술 엔지니어,Lean,Lean 관련 기술,선수 학습(기초 참고),AIG20250000516588,드론 조립 및 분해(유지보수),소형무인기운용·조종,149
DJ-030,드론 생산기술 엔지니어,공정설계,공정설계,선수 학습(기초 참고),AIG20250000516588,드론 조립 및 분해(유지보수),소형무인기운용·조종,149
DJ-030,드론 생산기술 엔지니어,치공구,치공구,선수 학습(기초 참고),AIG20250000516588,드론 조립 및 분해(유지보수),소형무인기운용·조종,149
DJ-032,드론 생산시험 기술자,EOL시험,EOL시험,선수 학습(기초 참고),AIG20250000516588,드론 조립 및 분해(유지보수),소형무인기운용·조종,149
DJ-032,드론 생산시험 기술자,계측,계측,선수 학습(기초 참고),AIG20250000516588,드론 조립 및 분해(유지보수),소형무인기운용·조종,149
DJ-026,드론 운용·제작 엔지니어,세팅,세팅,선수 학습(기초 참고),AIG20250000516588,드론 조립 및 분해(유지보수),소형무인기운용·조종,149
DJ-033,드론 자재·BOM 관리 담당자,재고관리,재고관리,선수 학습(기초 참고),AIG20250000516588,드론 조립 및 분해(유지보수),소형무인기운용·조종,149
DJ-028,드론 정밀가공 기술자,공차,공차,선수 학습(기초 참고),AIG20250000516588,드론 조립 및 분해(유지보수),소형무인기운용·조종,149
DJ-028,드론 정밀가공 기술자,측정,측정,선수 학습(기초 참고),AIG20250000516588,드론 조립 및 분해(유지보수),소형무인기운용·조종,149
DJ-024,드론 제작·통합 엔지니어,GCS,지상관제시스템,선수 학습(기초 참고),AIG20250000516588,드론 조립 및 분해(유지보수),소형무인기운용·조종,149
DJ-024,드론 제작·통합 엔지니어,배선,배선,선수 학습(기초 참고),AIG20250000516588,드론 조립 및 분해(유지보수),소형무인기운용·조종,149
DJ-031,드론 조립원,토크관리,토크관리,선수 학습(기초 참고),AIG20250000516588,드론 조립 및 분해(유지보수),소형무인기운용·조종,149
DJ-034,드론 품질검사원,NCR,NCR 관련 기술,선수 학습(기초 참고),AIG20250000516588,드론 조립 및 분해(유지보수),소형무인기운용·조종,149
DJ-034,드론 품질검사원,측정,측정,선수 학습(기초 참고),AIG20250000516588,드론 조립 및 분해(유지보수),소형무인기운용·조종,149
DJ-025,산업용 드론 제작·운영 엔지니어,기체제작,기체제작,선수 학습(기초 참고),AIG20250000516588,드론 조립 및 분해(유지보수),소형무인기운용·조종,149
DJ-025,산업용 드론 제작·운영 엔지니어,현장운용,현장운용,선수 학습(기초 참고),AIG20250000516588,드론 조립 및 분해(유지보수),소형무인기운용·조종,149
DJ-039,드론 배터리팩 개발 엔지니어,Li-ion,리튬이온 배터리,선수 학습(기초 참고),AIG20250000516588,드론 조립 및 분해(유지보수),소형무인기운용·조종,149
DJ-039,드론 배터리팩 개발 엔지니어,Pack,Pack 관련 기술,선수 학습(기초 참고),AIG20250000516588,드론 조립 및 분해(유지보수),소형무인기운용·조종,149
DJ-039,드론 배터리팩 개발 엔지니어,안전,안전,선수 학습(기초 참고),AIG20250000516588,드론 조립 및 분해(유지보수),소형무인기운용·조종,149
DJ-039,드론 배터리팩 개발 엔지니어,열폭주,열폭주,선수 학습(기초 참고),AIG20250000516588,드론 조립 및 분해(유지보수),소형무인기운용·조종,149
DJ-045,드론 연료공급계통 엔지니어,안전,안전,선수 학습(기초 참고),AIG20250000516588,드론 조립 및 분해(유지보수),소형무인기운용·조종,149
DJ-045,드론 연료공급계통 엔지니어,연료계통,연료계통,선수 학습(기초 참고),AIG20250000516588,드론 조립 및 분해(유지보수),소형무인기운용·조종,149
DJ-045,드론 연료공급계통 엔지니어,유체,유체,선수 학습(기초 참고),AIG20250000516588,드론 조립 및 분해(유지보수),소형무인기운용·조종,149
DJ-046,드론 열관리 엔지니어,방열,방열,선수 학습(기초 참고),AIG20250000516588,드론 조립 및 분해(유지보수),소형무인기운용·조종,149
DJ-046,드론 열관리 엔지니어,열해석,열해석,선수 학습(기초 참고),AIG20250000516588,드론 조립 및 분해(유지보수),소형무인기운용·조종,149
DJ-036,드론 전기모터 개발 엔지니어,BLDC,브러시리스 직류모터,선수 학습(기초 참고),AIG20250000516588,드론 조립 및 분해(유지보수),소형무인기운용·조종,149
DJ-036,드론 전기모터 개발 엔지니어,열설계,열설계,선수 학습(기초 참고),AIG20250000516588,드론 조립 및 분해(유지보수),소형무인기운용·조종,149
DJ-036,드론 전기모터 개발 엔지니어,전자기해석,전자기해석,선수 학습(기초 참고),AIG20250000516588,드론 조립 및 분해(유지보수),소형무인기운용·조종,149
DJ-035,드론 추진시스템 통합 엔지니어,성능시험,성능시험,선수 학습(기초 참고),AIG20250000516588,드론 조립 및 분해(유지보수),소형무인기운용·조종,149
DJ-035,드론 추진시스템 통합 엔지니어,인터페이스,인터페이스,선수 학습(기초 참고),AIG20250000516588,드론 조립 및 분해(유지보수),소형무인기운용·조종,149
DJ-035,드론 추진시스템 통합 엔지니어,추진계통,추진계통,선수 학습(기초 참고),AIG20250000516588,드론 조립 및 분해(유지보수),소형무인기운용·조종,149
DJ-038,드론 프로펠러·로터 설계자,Blade Element,Blade Element 관련 기술,선수 학습(기초 참고),AIG20250000516588,드론 조립 및 분해(유지보수),소형무인기운용·조종,149
DJ-038,드론 프로펠러·로터 설계자,CFD,전산유체역학,선수 학습(기초 참고),AIG20250000516588,드론 조립 및 분해(유지보수),소형무인기운용·조종,149
DJ-038,드론 프로펠러·로터 설계자,소음,소음,선수 학습(기초 참고),AIG20250000516588,드론 조립 및 분해(유지보수),소형무인기운용·조종,149
DJ-040,드론 BMS 개발 엔지니어,BMS,배터리 관리시스템,선수 학습(기초 참고),AIG20250000516588,드론 조립 및 분해(유지보수),소형무인기운용·조종,149
DJ-040,드론 BMS 개발 엔지니어,CAN,CAN 차량·장비 통신,선수 학습(기초 참고),AIG20250000516588,드론 조립 및 분해(유지보수),소형무인기운용·조종,149
DJ-040,드론 BMS 개발 엔지니어,SOC/SOH,배터리 충전·건강 상태,선수 학습(기초 참고),AIG20250000516588,드론 조립 및 분해(유지보수),소형무인기운용·조종,149
DJ-037,드론 ESC 개발 엔지니어,FOC,자속 기준 제어,선수 학습(기초 참고),AIG20250000516588,드론 조립 및 분해(유지보수),소형무인기운용·조종,149
DJ-037,드론 ESC 개발 엔지니어,임베디드,임베디드,선수 학습(기초 참고),AIG20250000516588,드론 조립 및 분해(유지보수),소형무인기운용·조종,149
DJ-037,드론 ESC 개발 엔지니어,전력전자,전력전자,선수 학습(기초 참고),AIG20250000516588,드론 조립 및 분해(유지보수),소형무인기운용·조종,149
DJ-041,수소드론 연료전지 시스템 엔지니어,DC/DC,DC/DC 관련 기술,선수 학습(기초 참고),AIG20250000516588,드론 조립 및 분해(유지보수),소형무인기운용·조종,149
DJ-041,수소드론 연료전지 시스템 엔지니어,PEMFC,PEMFC 관련 기술,선수 학습(기초 참고),AIG20250000516588,드론 조립 및 분해(유지보수),소형무인기운용·조종,149
DJ-041,수소드론 연료전지 시스템 엔지니어,수소안전,수소안전,선수 학습(기초 참고),AIG20250000516588,드론 조립 및 분해(유지보수),소형무인기운용·조종,149
DJ-043,UAV 엔진 구조체 설계 엔지니어,구조설계,구조설계,선수 학습(기초 참고),AIG20250000516588,드론 조립 및 분해(유지보수),소형무인기운용·조종,149
DJ-043,UAV 엔진 구조체 설계 엔지니어,열응력,열응력,선수 학습(기초 참고),AIG20250000516588,드론 조립 및 분해(유지보수),소형무인기운용·조종,149
DJ-043,UAV 엔진 구조체 설계 엔지니어,진동,진동,선수 학습(기초 참고),AIG20250000516588,드론 조립 및 분해(유지보수),소형무인기운용·조종,149
DJ-042,UAV 엔진 설계 엔지니어,엔진,엔진,선수 학습(기초 참고),AIG20250000516588,드론 조립 및 분해(유지보수),소형무인기운용·조종,149
DJ-042,UAV 엔진 설계 엔지니어,연소,연소,선수 학습(기초 참고),AIG20250000516588,드론 조립 및 분해(유지보수),소형무인기운용·조종,149
DJ-042,UAV 엔진 설계 엔지니어,열유체,열유체,선수 학습(기초 참고),AIG20250000516588,드론 조립 및 분해(유지보수),소형무인기운용·조종,149
DJ-044,UAV 엔진 회전계 설계 엔지니어,밸런싱,밸런싱,선수 학습(기초 참고),AIG20250000516588,드론 조립 및 분해(유지보수),소형무인기운용·조종,149
DJ-044,UAV 엔진 회전계 설계 엔지니어,베어링,베어링,선수 학습(기초 참고),AIG20250000516588,드론 조립 및 분해(유지보수),소형무인기운용·조종,149
DJ-044,UAV 엔진 회전계 설계 엔지니어,회전체동역학,회전체동역학,선수 학습(기초 참고),AIG20250000516588,드론 조립 및 분해(유지보수),소형무인기운용·조종,149
DJ-119,드론 기술지원 엔지니어,ArduPilot,ArduPilot 관련 기술,선수 학습(기초 참고),AIG20250000516588,드론 조립 및 분해(유지보수),소형무인기운용·조종,149
DJ-119,드론 기술지원 엔지니어,GCS,지상관제시스템,선수 학습(기초 참고),AIG20250000516588,드론 조립 및 분해(유지보수),소형무인기운용·조종,149
DJ-119,드론 기술지원 엔지니어,Pixhawk,Pixhawk 관련 기술,선수 학습(기초 참고),AIG20250000516588,드론 조립 및 분해(유지보수),소형무인기운용·조종,149
DJ-119,드론 기술지원 엔지니어,PX4,PX4 오픈소스 비행제어 플랫폼,선수 학습(기초 참고),AIG20250000516588,드론 조립 및 분해(유지보수),소형무인기운용·조종,149
DJ-117,드론 배터리 정비·관리자,Fire Safety,Fire Safety 관련 기술,선수 학습(기초 참고),AIG20250000516588,드론 조립 및 분해(유지보수),소형무인기운용·조종,149
DJ-117,드론 배터리 정비·관리자,SOC/SOH,배터리 충전·건강 상태,선수 학습(기초 참고),AIG20250000516588,드론 조립 및 분해(유지보수),소형무인기운용·조종,149
DJ-111,드론 비행시험 엔지니어,Analysis,Analysis 관련 기술,선수 학습(기초 참고),AIG20250000516588,드론 조립 및 분해(유지보수),소형무인기운용·조종,149
DJ-111,드론 비행시험 엔지니어,DAQ,데이터 수집,선수 학습(기초 참고),AIG20250000516588,드론 조립 및 분해(유지보수),소형무인기운용·조종,149
DJ-111,드론 비행시험 엔지니어,Flight Test,Flight Test 관련 기술,선수 학습(기초 참고),AIG20250000516588,드론 조립 및 분해(유지보수),소형무인기운용·조종,149
DJ-118,드론 서비스센터 정비 엔지니어,Customer Support,Customer Support 관련 기술,선수 학습(기초 참고),AIG20250000516588,드론 조립 및 분해(유지보수),소형무인기운용·조종,149
DJ-118,드론 서비스센터 정비 엔지니어,QA,품질보증,선수 학습(기초 참고),AIG20250000516588,드론 조립 및 분해(유지보수),소형무인기운용·조종,149
DJ-110,드론 시험비행 조종사,Test Pilot,Test Pilot 관련 기술,선수 학습(기초 참고),AIG20250000516588,드론 조립 및 분해(유지보수),소형무인기운용·조종,149
DJ-110,드론 시험비행 조종사,계측,계측,선수 학습(기초 참고),AIG20250000516588,드론 조립 및 분해(유지보수),소형무인기운용·조종,149
DJ-110,드론 시험비행 조종사,비상절차,비상절차,선수 학습(기초 참고),AIG20250000516588,드론 조립 및 분해(유지보수),소형무인기운용·조종,149
DJ-112,드론 시험비행·검증 담당자,VTOL,수직이착륙,선수 학습(기초 참고),AIG20250000516588,드론 조립 및 분해(유지보수),소형무인기운용·조종,149
DJ-112,드론 시험비행·검증 담당자,검증,검증,선수 학습(기초 참고),AIG20250000516588,드론 조립 및 분해(유지보수),소형무인기운용·조종,149
DJ-112,드론 시험비행·검증 담당자,시험비행,시험비행,선수 학습(기초 참고),AIG20250000516588,드론 조립 및 분해(유지보수),소형무인기운용·조종,149
DJ-120,드론 신뢰성 엔지니어,FMEA,고장형태·영향분석,선수 학습(기초 참고),AIG20250000516588,드론 조립 및 분해(유지보수),소형무인기운용·조종,149
DJ-120,드론 신뢰성 엔지니어,FRACAS,고장보고·분석·시정조치,선수 학습(기초 참고),AIG20250000516588,드론 조립 및 분해(유지보수),소형무인기운용·조종,149
DJ-120,드론 신뢰성 엔지니어,Reliability,Reliability 관련 기술,선수 학습(기초 참고),AIG20250000516588,드론 조립 및 분해(유지보수),소형무인기운용·조종,149
DJ-109,드론 운용·시험 엔지니어,계측,계측,선수 학습(기초 참고),AIG20250000516588,드론 조립 및 분해(유지보수),소형무인기운용·조종,149
DJ-109,드론 운용·시험 엔지니어,문서,문서,선수 학습(기초 참고),AIG20250000516588,드론 조립 및 분해(유지보수),소형무인기운용·조종,149
DJ-109,드론 운용·시험 엔지니어,시험운용,시험운용,선수 학습(기초 참고),AIG20250000516588,드론 조립 및 분해(유지보수),소형무인기운용·조종,149
DJ-114,드론 정비사,기록,기록,선수 학습(기초 참고),AIG20250000516588,드론 조립 및 분해(유지보수),소형무인기운용·조종,149
DJ-116,드론 추진계통 정비사,Engine,Engine 관련 기술,선수 학습(기초 참고),AIG20250000516588,드론 조립 및 분해(유지보수),소형무인기운용·조종,149
DJ-116,드론 추진계통 정비사,Propulsion,Propulsion 관련 기술,선수 학습(기초 참고),AIG20250000516588,드론 조립 및 분해(유지보수),소형무인기운용·조종,149
DJ-115,드론 항전 정비사,Avionics,Avionics 관련 기술,선수 학습(기초 참고),AIG20250000516588,드론 조립 및 분해(유지보수),소형무인기운용·조종,149
DJ-135,드론 360·VR 콘텐츠 제작자,360 Camera,360 Camera 관련 기술,선수 학습(기초 참고),AIG20250000516588,드론 조립 및 분해(유지보수),소형무인기운용·조종,149
DJ-024,드론 제작·통합 엔지니어,Pixhawk,Pixhawk 관련 기술,선수 학습(기초 참고),AIG20250000501335,AIOT 기반 드론 영상 관제시스템 프로젝트 개발,응용SW엔지니어링,147
DJ-056,드론 데이터링크 엔지니어,C2,C2 관련 기술,선수 학습(기초 참고),AIG20250000501335,AIOT 기반 드론 영상 관제시스템 프로젝트 개발,응용SW엔지니어링,147
DJ-056,드론 데이터링크 엔지니어,IP Network,IP Network 관련 기술,선수 학습(기초 참고),AIG20250000501335,AIOT 기반 드론 영상 관제시스템 프로젝트 개발,응용SW엔지니어링,147
DJ-057,드론 안테나 엔지니어,OTA,OTA 관련 기술,선수 학습(기초 참고),AIG20250000501335,AIOT 기반 드론 영상 관제시스템 프로젝트 개발,응용SW엔지니어링,147
DJ-057,드론 안테나 엔지니어,안테나,안테나,선수 학습(기초 참고),AIG20250000501335,AIOT 기반 드론 영상 관제시스템 프로젝트 개발,응용SW엔지니어링,147
DJ-057,드론 안테나 엔지니어,전파해석,전파해석,선수 학습(기초 참고),AIG20250000501335,AIOT 기반 드론 영상 관제시스템 프로젝트 개발,응용SW엔지니어링,147
DJ-061,드론 원격식별 시스템 개발자,PKI,공개키 기반구조,선수 학습(기초 참고),AIG20250000501335,AIOT 기반 드론 영상 관제시스템 프로젝트 개발,응용SW엔지니어링,147
DJ-061,드론 원격식별 시스템 개발자,Remote ID,Remote ID 관련 기술,선수 학습(기초 참고),AIG20250000501335,AIOT 기반 드론 영상 관제시스템 프로젝트 개발,응용SW엔지니어링,147
DJ-061,드론 원격식별 시스템 개발자,무선통신,무선통신,선수 학습(기초 참고),AIG20250000501335,AIOT 기반 드론 영상 관제시스템 프로젝트 개발,응용SW엔지니어링,147
DJ-059,드론 지상통제소 소프트웨어 개발자,GIS,지리정보시스템,선수 학습(기초 참고),AIG20250000501335,AIOT 기반 드론 영상 관제시스템 프로젝트 개발,응용SW엔지니어링,147
DJ-058,드론 지상통제장비 하드웨어 엔지니어,GCS,지상관제시스템,선수 학습(기초 참고),AIG20250000501335,AIOT 기반 드론 영상 관제시스템 프로젝트 개발,응용SW엔지니어링,147
DJ-058,드론 지상통제장비 하드웨어 엔지니어,HMI,사람-기계 인터페이스,선수 학습(기초 참고),AIG20250000501335,AIOT 기반 드론 영상 관제시스템 프로젝트 개발,응용SW엔지니어링,147
DJ-058,드론 지상통제장비 하드웨어 엔지니어,산업용PC,산업용PC,선수 학습(기초 참고),AIG20250000501335,AIOT 기반 드론 영상 관제시스템 프로젝트 개발,응용SW엔지니어링,147
DJ-060,드론 C2 네트워크 엔지니어,5G/LTE,5G/LTE 관련 기술,선수 학습(기초 참고),AIG20250000501335,AIOT 기반 드론 영상 관제시스템 프로젝트 개발,응용SW엔지니어링,147
DJ-060,드론 C2 네트워크 엔지니어,Mesh,Mesh 관련 기술,선수 학습(기초 참고),AIG20250000501335,AIOT 기반 드론 영상 관제시스템 프로젝트 개발,응용SW엔지니어링,147
DJ-060,드론 C2 네트워크 엔지니어,QoS,QoS 관련 기술,선수 학습(기초 참고),AIG20250000501335,AIOT 기반 드론 영상 관제시스템 프로젝트 개발,응용SW엔지니어링,147
DJ-055,드론 RF 통신 엔지니어,RF,무선주파수,선수 학습(기초 참고),AIG20250000501335,AIOT 기반 드론 영상 관제시스템 프로젝트 개발,응용SW엔지니어링,147
DJ-055,드론 RF 통신 엔지니어,SDR,소프트웨어 정의 무선,선수 학습(기초 참고),AIG20250000501335,AIOT 기반 드론 영상 관제시스템 프로젝트 개발,응용SW엔지니어링,147
DJ-055,드론 RF 통신 엔지니어,링크버짓,링크버짓,선수 학습(기초 참고),AIG20250000501335,AIOT 기반 드론 영상 관제시스템 프로젝트 개발,응용SW엔지니어링,147
DJ-049,드론 비행제어 알고리즘 엔지니어,HIL,HIL 관련 기술,선수 학습(기초 참고),AIG20250000501335,AIOT 기반 드론 영상 관제시스템 프로젝트 개발,응용SW엔지니어링,147
DJ-049,드론 비행제어 알고리즘 엔지니어,MATLAB,매트랩,선수 학습(기초 참고),AIG20250000501335,AIOT 기반 드론 영상 관제시스템 프로젝트 개발,응용SW엔지니어링,147
DJ-049,드론 비행제어 알고리즘 엔지니어,제어이론,제어이론,선수 학습(기초 참고),AIG20250000501335,AIOT 기반 드론 영상 관제시스템 프로젝트 개발,응용SW엔지니어링,147
DJ-048,드론 비행제어 하드웨어 엔지니어,EMI,전자파 간섭,선수 학습(기초 참고),AIG20250000501335,AIOT 기반 드론 영상 관제시스템 프로젝트 개발,응용SW엔지니어링,147
DJ-048,드론 비행제어 하드웨어 엔지니어,MCU,마이크로컨트롤러,선수 학습(기초 참고),AIG20250000501335,AIOT 기반 드론 영상 관제시스템 프로젝트 개발,응용SW엔지니어링,147
DJ-048,드론 비행제어 하드웨어 엔지니어,PCB,인쇄회로기판,선수 학습(기초 참고),AIG20250000501335,AIOT 기반 드론 영상 관제시스템 프로젝트 개발,응용SW엔지니어링,147
DJ-048,드론 비행제어 하드웨어 엔지니어,전원,전원,선수 학습(기초 참고),AIG20250000501335,AIOT 기반 드론 영상 관제시스템 프로젝트 개발,응용SW엔지니어링,147
DJ-054,드론 센서융합 엔지니어,EKF,확장 칼만 필터,선수 학습(기초 참고),AIG20250000501335,AIOT 기반 드론 영상 관제시스템 프로젝트 개발,응용SW엔지니어링,147
DJ-054,드론 센서융합 엔지니어,Sensor Fusion,센서 융합,선수 학습(기초 참고),AIG20250000501335,AIOT 기반 드론 영상 관제시스템 프로젝트 개발,응용SW엔지니어링,147
DJ-050,드론 임베디드 펌웨어 개발자,CAN,CAN 차량·장비 통신,선수 학습(기초 참고),AIG20250000501335,AIOT 기반 드론 영상 관제시스템 프로젝트 개발,응용SW엔지니어링,147
DJ-050,드론 임베디드 펌웨어 개발자,RTOS,실시간 운영체제,선수 학습(기초 참고),AIG20250000501335,AIOT 기반 드론 영상 관제시스템 프로젝트 개발,응용SW엔지니어링,147
DJ-050,드론 임베디드 펌웨어 개발자,UART,직렬 통신,선수 학습(기초 참고),AIG20250000501335,AIOT 기반 드론 영상 관제시스템 프로젝트 개발,응용SW엔지니어링,147
DJ-051,드론 전장·배선 설계 엔지니어,CAD,컴퓨터 지원 설계,선수 학습(기초 참고),AIG20250000501335,AIOT 기반 드론 영상 관제시스템 프로젝트 개발,응용SW엔지니어링,147
DJ-051,드론 전장·배선 설계 엔지니어,전원분배,전원분배,선수 학습(기초 참고),AIG20250000501335,AIOT 기반 드론 영상 관제시스템 프로젝트 개발,응용SW엔지니어링,147
DJ-051,드론 전장·배선 설계 엔지니어,하네스,하네스,선수 학습(기초 참고),AIG20250000501335,AIOT 기반 드론 영상 관제시스템 프로젝트 개발,응용SW엔지니어링,147
DJ-047,드론 항전통합 엔지니어,ICD,인터페이스 통제문서,선수 학습(기초 참고),AIG20250000501335,AIOT 기반 드론 영상 관제시스템 프로젝트 개발,응용SW엔지니어링,147
DJ-047,드론 항전통합 엔지니어,시험,시험,선수 학습(기초 참고),AIG20250000501335,AIOT 기반 드론 영상 관제시스템 프로젝트 개발,응용SW엔지니어링,147
DJ-047,드론 항전통합 엔지니어,인터페이스,인터페이스,선수 학습(기초 참고),AIG20250000501335,AIOT 기반 드론 영상 관제시스템 프로젝트 개발,응용SW엔지니어링,147
DJ-047,드론 항전통합 엔지니어,항전,항전,선수 학습(기초 참고),AIG20250000501335,AIOT 기반 드론 영상 관제시스템 프로젝트 개발,응용SW엔지니어링,147
DJ-052,드론 GNSS 항법 엔지니어,GNSS,위성항법시스템,선수 학습(기초 참고),AIG20250000501335,AIOT 기반 드론 영상 관제시스템 프로젝트 개발,응용SW엔지니어링,147
DJ-052,드론 GNSS 항법 엔지니어,RTK,실시간 이동측위,선수 학습(기초 참고),AIG20250000501335,AIOT 기반 드론 영상 관제시스템 프로젝트 개발,응용SW엔지니어링,147
DJ-052,드론 GNSS 항법 엔지니어,좌표계,좌표계,선수 학습(기초 참고),AIG20250000501335,AIOT 기반 드론 영상 관제시스템 프로젝트 개발,응용SW엔지니어링,147
DJ-053,드론 INS·IMU 엔지니어,IMU,관성측정장치,선수 학습(기초 참고),AIG20250000501335,AIOT 기반 드론 영상 관제시스템 프로젝트 개발,응용SW엔지니어링,147
DJ-053,드론 INS·IMU 엔지니어,INS,관성항법시스템,선수 학습(기초 참고),AIG20250000501335,AIOT 기반 드론 영상 관제시스템 프로젝트 개발,응용SW엔지니어링,147
DJ-053,드론 INS·IMU 엔지니어,Kalman Filter,칼만 필터,선수 학습(기초 참고),AIG20250000501335,AIOT 기반 드론 영상 관제시스템 프로젝트 개발,응용SW엔지니어링,147
DJ-190,드론 교관 법정교육 강사,Recurrent Training,Recurrent Training 관련 기술,선수 학습(기초 참고),AIG20250000501335,AIOT 기반 드론 영상 관제시스템 프로젝트 개발,응용SW엔지니어링,147
DJ-193,드론 교육센터 운영관리자,Training Ops,Training Ops 관련 기술,선수 학습(기초 참고),AIG20250000501335,AIOT 기반 드론 영상 관제시스템 프로젝트 개발,응용SW엔지니어링,147
DJ-195,드론 소프트웨어 교육강사,PX4,PX4 오픈소스 비행제어 플랫폼,선수 학습(기초 참고),AIG20250000501335,AIOT 기반 드론 영상 관제시스템 프로젝트 개발,응용SW엔지니어링,147
DJ-194,드론 정비교육 강사,Maintenance Training,Maintenance Training 관련 기술,선수 학습(기초 참고),AIG20250000501335,AIOT 기반 드론 영상 관제시스템 프로젝트 개발,응용SW엔지니어링,147
DJ-187,드론 조종 교육강사,Flight Training,Flight Training 관련 기술,선수 학습(기초 참고),AIG20250000501335,AIOT 기반 드론 영상 관제시스템 프로젝트 개발,응용SW엔지니어링,147
DJ-009,드론 부품 기술영업 담당자,ArduPilot,ArduPilot 관련 기술,선수 학습(기초 참고),AIG20250000501335,AIOT 기반 드론 영상 관제시스템 프로젝트 개발,응용SW엔지니어링,147
DJ-009,드론 부품 기술영업 담당자,Pixhawk,Pixhawk 관련 기술,선수 학습(기초 참고),AIG20250000501335,AIOT 기반 드론 영상 관제시스템 프로젝트 개발,응용SW엔지니어링,147
DJ-009,드론 부품 기술영업 담당자,PX4,PX4 오픈소스 비행제어 플랫폼,선수 학습(기초 참고),AIG20250000501335,AIOT 기반 드론 영상 관제시스템 프로젝트 개발,응용SW엔지니어링,147
DJ-208,드론 고객성공·기술상담 담당자,Training,Training 관련 기술,선수 학습(기초 참고),AIG20250000501335,AIOT 기반 드론 영상 관제시스템 프로젝트 개발,응용SW엔지니어링,147
DJ-206,드론 보험 인수심사역,Claims,Claims 관련 기술,선수 학습(기초 참고),AIG20250000501335,AIOT 기반 드론 영상 관제시스템 프로젝트 개발,응용SW엔지니어링,147
DJ-207,드론 유통·렌탈 운영자,Retail,Retail 관련 기술,선수 학습(기초 참고),AIG20250000501335,AIOT 기반 드론 영상 관제시스템 프로젝트 개발,응용SW엔지니어링,147
DJ-184,드론 스테이션 운영자,Maintenance,Maintenance 관련 기술,선수 학습(기초 참고),AIG20250000501335,AIOT 기반 드론 영상 관제시스템 프로젝트 개발,응용SW엔지니어링,147
DJ-183,드론 의료물류 운용자,Chain of Custody,Chain of Custody 관련 기술,선수 학습(기초 참고),AIG20250000501335,AIOT 기반 드론 영상 관제시스템 프로젝트 개발,응용SW엔지니어링,147
DJ-183,드론 의료물류 운용자,Cold Chain,Cold Chain 관련 기술,선수 학습(기초 참고),AIG20250000501335,AIOT 기반 드론 영상 관제시스템 프로젝트 개발,응용SW엔지니어링,147
DJ-179,해양 드론 안전감시원,AIS,AIS 관련 기술,선수 학습(기초 참고),AIG20250000501335,AIOT 기반 드론 영상 관제시스템 프로젝트 개발,응용SW엔지니어링,147
DJ-158,드론 건설공정 관리자,Orthomosaic,정사영상,선수 학습(기초 참고),AIG20250000501335,AIOT 기반 드론 영상 관제시스템 프로젝트 개발,응용SW엔지니어링,147
DJ-071,드론 경로계획 알고리즘 개발자,A*,A* 경로탐색,선수 학습(기초 참고),AIG20250000501335,AIOT 기반 드론 영상 관제시스템 프로젝트 개발,응용SW엔지니어링,147
DJ-071,드론 경로계획 알고리즘 개발자,Optimization,최적화,선수 학습(기초 참고),AIG20250000501335,AIOT 기반 드론 영상 관제시스템 프로젝트 개발,응용SW엔지니어링,147
DJ-071,드론 경로계획 알고리즘 개발자,RRT,RRT 경로계획,선수 학습(기초 참고),AIG20250000501335,AIOT 기반 드론 영상 관제시스템 프로젝트 개발,응용SW엔지니어링,147
DJ-077,드론 군집비행 알고리즘 개발자,Swarm,Swarm 관련 기술,선수 학습(기초 참고),AIG20250000501335,AIOT 기반 드론 영상 관제시스템 프로젝트 개발,응용SW엔지니어링,147
DJ-077,드론 군집비행 알고리즘 개발자,네트워크,네트워크,선수 학습(기초 참고),AIG20250000501335,AIOT 기반 드론 영상 관제시스템 프로젝트 개발,응용SW엔지니어링,147
DJ-077,드론 군집비행 알고리즘 개발자,분산제어,분산제어,선수 학습(기초 참고),AIG20250000501335,AIOT 기반 드론 영상 관제시스템 프로젝트 개발,응용SW엔지니어링,147
DJ-080,드론 디지털트윈 엔지니어,Digital Twin,Digital Twin 관련 기술,선수 학습(기초 참고),AIG20250000501335,AIOT 기반 드론 영상 관제시스템 프로젝트 개발,응용SW엔지니어링,147
DJ-080,드론 디지털트윈 엔지니어,Simulation,Simulation 관련 기술,선수 학습(기초 참고),AIG20250000501335,AIOT 기반 드론 영상 관제시스템 프로젝트 개발,응용SW엔지니어링,147
DJ-079,드론 시뮬레이터 개발자,Gazebo,가제보 로봇 시뮬레이터,선수 학습(기초 참고),AIG20250000501335,AIOT 기반 드론 영상 관제시스템 프로젝트 개발,응용SW엔지니어링,147
DJ-079,드론 시뮬레이터 개발자,SITL,SITL 관련 기술,선수 학습(기초 참고),AIG20250000501335,AIOT 기반 드론 영상 관제시스템 프로젝트 개발,응용SW엔지니어링,147
DJ-079,드론 시뮬레이터 개발자,Unreal,Unreal 관련 기술,선수 학습(기초 참고),AIG20250000501335,AIOT 기반 드론 영상 관제시스템 프로젝트 개발,응용SW엔지니어링,147
DJ-076,드론 엣지AI 엔지니어,CUDA,쿠다 GPU 병렬컴퓨팅,선수 학습(기초 참고),AIG20250000501335,AIOT 기반 드론 영상 관제시스템 프로젝트 개발,응용SW엔지니어링,147
DJ-076,드론 엣지AI 엔지니어,Quantization,인공지능 모델 양자화,선수 학습(기초 참고),AIG20250000501335,AIOT 기반 드론 영상 관제시스템 프로젝트 개발,응용SW엔지니어링,147
DJ-076,드론 엣지AI 엔지니어,TensorRT,텐서RT 추론 최적화,선수 학습(기초 참고),AIG20250000501335,AIOT 기반 드론 영상 관제시스템 프로젝트 개발,응용SW엔지니어링,147
DJ-070,드론 자율비행 소프트웨어 개발자,PX4,PX4 오픈소스 비행제어 플랫폼,선수 학습(기초 참고),AIG20250000501335,AIOT 기반 드론 영상 관제시스템 프로젝트 개발,응용SW엔지니어링,147
DJ-072,드론 장애물 탐지·회피 개발자,DAA,탐지·회피,선수 학습(기초 참고),AIG20250000501335,AIOT 기반 드론 영상 관제시스템 프로젝트 개발,응용SW엔지니어링,147
DJ-072,드론 장애물 탐지·회피 개발자,LiDAR,라이다,선수 학습(기초 참고),AIG20250000501335,AIOT 기반 드론 영상 관제시스템 프로젝트 개발,응용SW엔지니어링,147
DJ-072,드론 장애물 탐지·회피 개발자,Radar,Radar 관련 기술,선수 학습(기초 참고),AIG20250000501335,AIOT 기반 드론 영상 관제시스템 프로젝트 개발,응용SW엔지니어링,147
DJ-081,드론 SITL·HIL 검증 엔지니어,HIL,HIL 관련 기술,선수 학습(기초 참고),AIG20250000501335,AIOT 기반 드론 영상 관제시스템 프로젝트 개발,응용SW엔지니어링,147
DJ-081,드론 SITL·HIL 검증 엔지니어,SITL,SITL 관련 기술,선수 학습(기초 참고),AIG20250000501335,AIOT 기반 드론 영상 관제시스템 프로젝트 개발,응용SW엔지니어링,147
DJ-081,드론 SITL·HIL 검증 엔지니어,자동화시험,자동화시험,선수 학습(기초 참고),AIG20250000501335,AIOT 기반 드론 영상 관제시스템 프로젝트 개발,응용SW엔지니어링,147
DJ-078,드론쇼 군집제어 소프트웨어 개발자,Show Control,Show Control 관련 기술,선수 학습(기초 참고),AIG20250000501335,AIOT 기반 드론 영상 관제시스템 프로젝트 개발,응용SW엔지니어링,147
DJ-078,드론쇼 군집제어 소프트웨어 개발자,Swarm,Swarm 관련 기술,선수 학습(기초 참고),AIG20250000501335,AIOT 기반 드론 영상 관제시스템 프로젝트 개발,응용SW엔지니어링,147
DJ-078,드론쇼 군집제어 소프트웨어 개발자,Trajectory,비행 궤적 생성,선수 학습(기초 참고),AIG20250000501335,AIOT 기반 드론 영상 관제시스템 프로젝트 개발,응용SW엔지니어링,147
DJ-089,드론 3D 공간정보 구축 전문가,GIS,지리정보시스템,선수 학습(기초 참고),AIG20250000501335,AIOT 기반 드론 영상 관제시스템 프로젝트 개발,응용SW엔지니어링,147
DJ-089,드론 3D 공간정보 구축 전문가,Mesh,Mesh 관련 기술,선수 학습(기초 참고),AIG20250000501335,AIOT 기반 드론 영상 관제시스템 프로젝트 개발,응용SW엔지니어링,147
DJ-089,드론 3D 공간정보 구축 전문가,Point Cloud,점군 데이터,선수 학습(기초 참고),AIG20250000501335,AIOT 기반 드론 영상 관제시스템 프로젝트 개발,응용SW엔지니어링,147
DJ-082,드론 교통관리(UTM) 시스템 개발자,API,응용프로그램 인터페이스,선수 학습(기초 참고),AIG20250000501335,AIOT 기반 드론 영상 관제시스템 프로젝트 개발,응용SW엔지니어링,147
DJ-082,드론 교통관리(UTM) 시스템 개발자,GIS,지리정보시스템,선수 학습(기초 참고),AIG20250000501335,AIOT 기반 드론 영상 관제시스템 프로젝트 개발,응용SW엔지니어링,147
DJ-082,드론 교통관리(UTM) 시스템 개발자,UTM,무인기 교통관리,선수 학습(기초 참고),AIG20250000501335,AIOT 기반 드론 영상 관제시스템 프로젝트 개발,응용SW엔지니어링,147
DJ-082,드론 교통관리(UTM) 시스템 개발자,분산시스템,분산시스템,선수 학습(기초 참고),AIG20250000501335,AIOT 기반 드론 영상 관제시스템 프로젝트 개발,응용SW엔지니어링,147
DJ-092,드론 데이터 라벨링·품질관리자,Annotation,데이터 라벨링,선수 학습(기초 참고),AIG20250000501335,AIOT 기반 드론 영상 관제시스템 프로젝트 개발,응용SW엔지니어링,147
DJ-092,드론 데이터 라벨링·품질관리자,Dataset,학습 데이터셋,선수 학습(기초 참고),AIG20250000501335,AIOT 기반 드론 영상 관제시스템 프로젝트 개발,응용SW엔지니어링,147
DJ-092,드론 데이터 라벨링·품질관리자,QA,품질보증,선수 학습(기초 참고),AIG20250000501335,AIOT 기반 드론 영상 관제시스템 프로젝트 개발,응용SW엔지니어링,147
DJ-086,드론 모바일 앱 개발자,Map SDK,지도 개발도구,선수 학습(기초 참고),AIG20250000501335,AIOT 기반 드론 영상 관제시스템 프로젝트 개발,응용SW엔지니어링,147
DJ-090,드론 비행데이터 분석가,Flight Log,Flight Log 관련 기술,선수 학습(기초 참고),AIG20250000501335,AIOT 기반 드론 영상 관제시스템 프로젝트 개발,응용SW엔지니어링,147
DJ-090,드론 비행데이터 분석가,Statistics,Statistics 관련 기술,선수 학습(기초 참고),AIG20250000501335,AIOT 기반 드론 영상 관제시스템 프로젝트 개발,응용SW엔지니어링,147
DJ-094,드론 사이버보안 엔지니어,PKI,공개키 기반구조,선수 학습(기초 참고),AIG20250000501335,AIOT 기반 드론 영상 관제시스템 프로젝트 개발,응용SW엔지니어링,147
DJ-094,드론 사이버보안 엔지니어,Secure Boot,보안 부팅,선수 학습(기초 참고),AIG20250000501335,AIOT 기반 드론 영상 관제시스템 프로젝트 개발,응용SW엔지니어링,147
DJ-094,드론 사이버보안 엔지니어,Threat Modeling,위협 모델링,선수 학습(기초 참고),AIG20250000501335,AIOT 기반 드론 영상 관제시스템 프로젝트 개발,응용SW엔지니어링,147
DJ-088,드론 사진측량 소프트웨어 엔지니어,MVS,MVS 관련 기술,선수 학습(기초 참고),AIG20250000501335,AIOT 기반 드론 영상 관제시스템 프로젝트 개발,응용SW엔지니어링,147
DJ-088,드론 사진측량 소프트웨어 엔지니어,Photogrammetry,사진측량,선수 학습(기초 참고),AIG20250000501335,AIOT 기반 드론 영상 관제시스템 프로젝트 개발,응용SW엔지니어링,147
DJ-091,드론 영상데이터 후처리 담당자,DJI Terra,DJI Terra 매핑 소프트웨어,선수 학습(기초 참고),AIG20250000501335,AIOT 기반 드론 영상 관제시스템 프로젝트 개발,응용SW엔지니어링,147
DJ-091,드론 영상데이터 후처리 담당자,Global Mapper,Global Mapper 관련 기술,선수 학습(기초 참고),AIG20250000501335,AIOT 기반 드론 영상 관제시스템 프로젝트 개발,응용SW엔지니어링,147
DJ-091,드론 영상데이터 후처리 담당자,Pix4D,픽스포디 사진측량 소프트웨어,선수 학습(기초 참고),AIG20250000501335,AIOT 기반 드론 영상 관제시스템 프로젝트 개발,응용SW엔지니어링,147
DJ-085,드론 클라우드 백엔드 개발자,API,응용프로그램 인터페이스,선수 학습(기초 참고),AIG20250000501335,AIOT 기반 드론 영상 관제시스템 프로젝트 개발,응용SW엔지니어링,147
DJ-085,드론 클라우드 백엔드 개발자,Cloud,클라우드 컴퓨팅,선수 학습(기초 참고),AIG20250000501335,AIOT 기반 드론 영상 관제시스템 프로젝트 개발,응용SW엔지니어링,147
DJ-085,드론 클라우드 백엔드 개발자,Database,데이터베이스,선수 학습(기초 참고),AIG20250000501335,AIOT 기반 드론 영상 관제시스템 프로젝트 개발,응용SW엔지니어링,147
DJ-085,드론 클라우드 백엔드 개발자,Kafka,아파치 카프카 스트리밍,선수 학습(기초 참고),AIG20250000501335,AIOT 기반 드론 영상 관제시스템 프로젝트 개발,응용SW엔지니어링,147
DJ-083,드론 통합관제 플랫폼 개발자,GIS,지리정보시스템,선수 학습(기초 참고),AIG20250000501335,AIOT 기반 드론 영상 관제시스템 프로젝트 개발,응용SW엔지니어링,147
DJ-083,드론 통합관제 플랫폼 개발자,Streaming,Streaming 관련 기술,선수 학습(기초 참고),AIG20250000501335,AIOT 기반 드론 영상 관제시스템 프로젝트 개발,응용SW엔지니어링,147
DJ-084,드론 플릿관리 소프트웨어 개발자,Fleet,Fleet 관련 기술,선수 학습(기초 참고),AIG20250000501335,AIOT 기반 드론 영상 관제시스템 프로젝트 개발,응용SW엔지니어링,147
DJ-084,드론 플릿관리 소프트웨어 개발자,Telemetry,Telemetry 관련 기술,선수 학습(기초 참고),AIG20250000501335,AIOT 기반 드론 영상 관제시스템 프로젝트 개발,응용SW엔지니어링,147
DJ-087,드론 GIS 소프트웨어 개발자,GIS,지리정보시스템,선수 학습(기초 참고),AIG20250000501335,AIOT 기반 드론 영상 관제시스템 프로젝트 개발,응용SW엔지니어링,147
DJ-087,드론 GIS 소프트웨어 개발자,Web Map,웹 지도,선수 학습(기초 참고),AIG20250000501335,AIOT 기반 드론 영상 관제시스템 프로젝트 개발,응용SW엔지니어링,147
DJ-087,드론 GIS 소프트웨어 개발자,좌표계,좌표계,선수 학습(기초 참고),AIG20250000501335,AIOT 기반 드론 영상 관제시스템 프로젝트 개발,응용SW엔지니어링,147
DJ-093,드론 MLOps 엔지니어,MLOps,머신러닝 운영,선수 학습(기초 참고),AIG20250000501335,AIOT 기반 드론 영상 관제시스템 프로젝트 개발,응용SW엔지니어링,147
DJ-093,드론 MLOps 엔지니어,Model Registry,모델 저장·버전관리,선수 학습(기초 참고),AIG20250000501335,AIOT 기반 드론 영상 관제시스템 프로젝트 개발,응용SW엔지니어링,147
DJ-190,드론 교관 법정교육 강사,Regulation,Regulation 관련 기술,선수 학습(기초 참고),AIG20250000513160,드론 지도조종자(교관) 실기반(무인멀티콥터),소형무인기운용·조종,84
DJ-192,드론 교육 콘텐츠 제작자,e-Learning,e-Learning 관련 기술,선수 학습(기초 참고),AIG20250000513160,드론 지도조종자(교관) 실기반(무인멀티콥터),소형무인기운용·조종,84
DJ-192,드론 교육 콘텐츠 제작자,VR,VR 관련 기술,선수 학습(기초 참고),AIG20250000513160,드론 지도조종자(교관) 실기반(무인멀티콥터),소형무인기운용·조종,84
DJ-191,드론 교육과정 개발자,Curriculum,Curriculum 관련 기술,선수 학습(기초 참고),AIG20250000513160,드론 지도조종자(교관) 실기반(무인멀티콥터),소형무인기운용·조종,84
DJ-191,드론 교육과정 개발자,Instructional Design,Instructional Design 관련 기술,선수 학습(기초 참고),AIG20250000513160,드론 지도조종자(교관) 실기반(무인멀티콥터),소형무인기운용·조종,84
DJ-193,드론 교육센터 운영관리자,Administration,Administration 관련 기술,선수 학습(기초 참고),AIG20250000513160,드론 지도조종자(교관) 실기반(무인멀티콥터),소형무인기운용·조종,84
DJ-193,드론 교육센터 운영관리자,Safety,Safety 관련 기술,선수 학습(기초 참고),AIG20250000513160,드론 지도조종자(교관) 실기반(무인멀티콥터),소형무인기운용·조종,84
DJ-197,드론 대학 교수·강사,Lab,Lab 관련 기술,선수 학습(기초 참고),AIG20250000513160,드론 지도조종자(교관) 실기반(무인멀티콥터),소형무인기운용·조종,84
DJ-197,드론 대학 교수·강사,Research,Research 관련 기술,선수 학습(기초 참고),AIG20250000513160,드론 지도조종자(교관) 실기반(무인멀티콥터),소형무인기운용·조종,84
DJ-197,드론 대학 교수·강사,Teaching,Teaching 관련 기술,선수 학습(기초 참고),AIG20250000513160,드론 지도조종자(교관) 실기반(무인멀티콥터),소형무인기운용·조종,84
DJ-189,드론 실기평가자,Practical Test,Practical Test 관련 기술,선수 학습(기초 참고),AIG20250000513160,드론 지도조종자(교관) 실기반(무인멀티콥터),소형무인기운용·조종,84
DJ-189,드론 실기평가자,Standardization,Standardization 관련 기술,선수 학습(기초 참고),AIG20250000513160,드론 지도조종자(교관) 실기반(무인멀티콥터),소형무인기운용·조종,84
DJ-187,드론 조종 교육강사,Instruction,Instruction 관련 기술,선수 학습(기초 참고),AIG20250000513160,드론 지도조종자(교관) 실기반(무인멀티콥터),소형무인기운용·조종,84
DJ-187,드론 조종 교육강사,Safety,Safety 관련 기술,선수 학습(기초 참고),AIG20250000513160,드론 지도조종자(교관) 실기반(무인멀티콥터),소형무인기운용·조종,84
DJ-188,드론 지도조종자,CRM,승무원·팀 자원관리,선수 학습(기초 참고),AIG20250000513160,드론 지도조종자(교관) 실기반(무인멀티콥터),소형무인기운용·조종,84
DJ-188,드론 지도조종자,Evaluation,Evaluation 관련 기술,선수 학습(기초 참고),AIG20250000513160,드론 지도조종자(교관) 실기반(무인멀티콥터),소형무인기운용·조종,84
DJ-188,드론 지도조종자,Instructor Pilot,Instructor Pilot 관련 기술,선수 학습(기초 참고),AIG20250000513160,드론 지도조종자(교관) 실기반(무인멀티콥터),소형무인기운용·조종,84
DJ-196,무인항공 연구원,Experiment,Experiment 관련 기술,선수 학습(기초 참고),AIG20250000513160,드론 지도조종자(교관) 실기반(무인멀티콥터),소형무인기운용·조종,84
DJ-196,무인항공 연구원,Publication,Publication 관련 기술,선수 학습(기초 참고),AIG20250000513160,드론 지도조종자(교관) 실기반(무인멀티콥터),소형무인기운용·조종,84
DJ-196,무인항공 연구원,Research,Research 관련 기술,선수 학습(기초 참고),AIG20250000513160,드론 지도조종자(교관) 실기반(무인멀티콥터),소형무인기운용·조종,84
DJ-007,드론 구축 프로젝트 매니저,PM,프로젝트 관리,선수 학습(기초 참고),AIG20250000513160,드론 지도조종자(교관) 실기반(무인멀티콥터),소형무인기운용·조종,84
DJ-007,드론 구축 프로젝트 매니저,SI,SI 관련 기술,선수 학습(기초 참고),AIG20250000513160,드론 지도조종자(교관) 실기반(무인멀티콥터),소형무인기운용·조종,84
DJ-007,드론 구축 프로젝트 매니저,검수,검수,선수 학습(기초 참고),AIG20250000513160,드론 지도조종자(교관) 실기반(무인멀티콥터),소형무인기운용·조종,84
DJ-007,드론 구축 프로젝트 매니저,현장구축,현장구축,선수 학습(기초 참고),AIG20250000513160,드론 지도조종자(교관) 실기반(무인멀티콥터),소형무인기운용·조종,84
DJ-009,드론 부품 기술영업 담당자,기술영업,기술영업,선수 학습(기초 참고),AIG20250000513160,드론 지도조종자(교관) 실기반(무인멀티콥터),소형무인기운용·조종,84
DJ-008,드론 사업개발 담당자,B2B 제안,B2B 제안,선수 학습(기초 참고),AIG20250000513160,드론 지도조종자(교관) 실기반(무인멀티콥터),소형무인기운용·조종,84
DJ-008,드론 사업개발 담당자,사업성분석,사업성분석,선수 학습(기초 참고),AIG20250000513160,드론 지도조종자(교관) 실기반(무인멀티콥터),소형무인기운용·조종,84
DJ-008,드론 사업개발 담당자,파트너십,파트너십,선수 학습(기초 참고),AIG20250000513160,드론 지도조종자(교관) 실기반(무인멀티콥터),소형무인기운용·조종,84
DJ-005,드론 서비스기획자,데이터기획,데이터기획,선수 학습(기초 참고),AIG20250000513160,드론 지도조종자(교관) 실기반(무인멀티콥터),소형무인기운용·조종,84
DJ-005,드론 서비스기획자,서비스디자인,서비스디자인,선수 학습(기초 참고),AIG20250000513160,드론 지도조종자(교관) 실기반(무인멀티콥터),소형무인기운용·조종,84
DJ-005,드론 서비스기획자,운영설계,운영설계,선수 학습(기초 참고),AIG20250000513160,드론 지도조종자(교관) 실기반(무인멀티콥터),소형무인기운용·조종,84
DJ-002,드론 시스템 아키텍트,시스템 아키텍처,시스템 아키텍처,선수 학습(기초 참고),AIG20250000513160,드론 지도조종자(교관) 실기반(무인멀티콥터),소형무인기운용·조종,84
DJ-002,드론 시스템 아키텍트,인터페이스,인터페이스,선수 학습(기초 참고),AIG20250000513160,드론 지도조종자(교관) 실기반(무인멀티콥터),소형무인기운용·조종,84
DJ-006,드론 연구개발 프로젝트 매니저,PM,프로젝트 관리,선수 학습(기초 참고),AIG20250000513160,드론 지도조종자(교관) 실기반(무인멀티콥터),소형무인기운용·조종,84
DJ-006,드론 연구개발 프로젝트 매니저,원가,원가,선수 학습(기초 참고),AIG20250000513160,드론 지도조종자(교관) 실기반(무인멀티콥터),소형무인기운용·조종,84
DJ-006,드론 연구개발 프로젝트 매니저,위험관리,위험관리,선수 학습(기초 참고),AIG20250000513160,드론 지도조종자(교관) 실기반(무인멀티콥터),소형무인기운용·조종,84
DJ-006,드론 연구개발 프로젝트 매니저,일정,일정,선수 학습(기초 참고),AIG20250000513160,드론 지도조종자(교관) 실기반(무인멀티콥터),소형무인기운용·조종,84
DJ-003,드론 임무·운용개념 분석가,CONOPS,운용개념서,선수 학습(기초 참고),AIG20250000513160,드론 지도조종자(교관) 실기반(무인멀티콥터),소형무인기운용·조종,84
DJ-003,드론 임무·운용개념 분석가,성능지표,성능지표,선수 학습(기초 참고),AIG20250000513160,드론 지도조종자(교관) 실기반(무인멀티콥터),소형무인기운용·조종,84
DJ-003,드론 임무·운용개념 분석가,임무분석,임무분석,선수 학습(기초 참고),AIG20250000513160,드론 지도조종자(교관) 실기반(무인멀티콥터),소형무인기운용·조종,84
DJ-004,드론 제품기획자,시장조사,시장조사,선수 학습(기초 참고),AIG20250000513160,드론 지도조종자(교관) 실기반(무인멀티콥터),소형무인기운용·조종,84
DJ-004,드론 제품기획자,요구사항,요구사항,선수 학습(기초 참고),AIG20250000513160,드론 지도조종자(교관) 실기반(무인멀티콥터),소형무인기운용·조종,84
DJ-004,드론 제품기획자,제품기획,제품기획,선수 학습(기초 참고),AIG20250000513160,드론 지도조종자(교관) 실기반(무인멀티콥터),소형무인기운용·조종,84
DJ-010,드론 조달·공급망 담당자,SCM,공급망 관리,선수 학습(기초 참고),AIG20250000513160,드론 지도조종자(교관) 실기반(무인멀티콥터),소형무인기운용·조종,84
DJ-010,드론 조달·공급망 담당자,구매,구매,선수 학습(기초 참고),AIG20250000513160,드론 지도조종자(교관) 실기반(무인멀티콥터),소형무인기운용·조종,84
DJ-010,드론 조달·공급망 담당자,협력사관리,협력사관리,선수 학습(기초 참고),AIG20250000513160,드론 지도조종자(교관) 실기반(무인멀티콥터),소형무인기운용·조종,84
DJ-001,무인항공시스템 체계종합 엔지니어,시스템공학,시스템공학,선수 학습(기초 참고),AIG20250000513160,드론 지도조종자(교관) 실기반(무인멀티콥터),소형무인기운용·조종,84
DJ-001,무인항공시스템 체계종합 엔지니어,요구도관리,요구도관리,선수 학습(기초 참고),AIG20250000513160,드론 지도조종자(교관) 실기반(무인멀티콥터),소형무인기운용·조종,84
DJ-001,무인항공시스템 체계종합 엔지니어,인터페이스,인터페이스,선수 학습(기초 참고),AIG20250000513160,드론 지도조종자(교관) 실기반(무인멀티콥터),소형무인기운용·조종,84
DJ-001,무인항공시스템 체계종합 엔지니어,형상관리,형상관리,선수 학습(기초 참고),AIG20250000513160,드론 지도조종자(교관) 실기반(무인멀티콥터),소형무인기운용·조종,84
DJ-208,드론 고객성공·기술상담 담당자,Customer Success,Customer Success 관련 기술,선수 학습(기초 참고),AIG20250000513160,드론 지도조종자(교관) 실기반(무인멀티콥터),소형무인기운용·조종,84
DJ-208,드론 고객성공·기술상담 담당자,Support,Support 관련 기술,선수 학습(기초 참고),AIG20250000513160,드론 지도조종자(교관) 실기반(무인멀티콥터),소형무인기운용·조종,84
DJ-203,드론 공공조달 담당자,Acceptance,Acceptance 관련 기술,선수 학습(기초 참고),AIG20250000513160,드론 지도조종자(교관) 실기반(무인멀티콥터),소형무인기운용·조종,84
DJ-203,드론 공공조달 담당자,Procurement,Procurement 관련 기술,선수 학습(기초 참고),AIG20250000513160,드론 지도조종자(교관) 실기반(무인멀티콥터),소형무인기운용·조종,84
DJ-203,드론 공공조달 담당자,RFP,제안요청서,선수 학습(기초 참고),AIG20250000513160,드론 지도조종자(교관) 실기반(무인멀티콥터),소형무인기운용·조종,84
DJ-202,드론 국제협력 담당자,Export,Export 관련 기술,선수 학습(기초 참고),AIG20250000513160,드론 지도조종자(교관) 실기반(무인멀티콥터),소형무인기운용·조종,84
DJ-202,드론 국제협력 담당자,ICAO,ICAO 관련 기술,선수 학습(기초 참고),AIG20250000513160,드론 지도조종자(교관) 실기반(무인멀티콥터),소형무인기운용·조종,84
DJ-202,드론 국제협력 담당자,International Project,International Project 관련 기술,선수 학습(기초 참고),AIG20250000513160,드론 지도조종자(교관) 실기반(무인멀티콥터),소형무인기운용·조종,84
DJ-200,드론 법규·컴플라이언스 컨설턴트,Aviation Law,Aviation Law 관련 기술,선수 학습(기초 참고),AIG20250000513160,드론 지도조종자(교관) 실기반(무인멀티콥터),소형무인기운용·조종,84
DJ-200,드론 법규·컴플라이언스 컨설턴트,Compliance,Compliance 관련 기술,선수 학습(기초 참고),AIG20250000513160,드론 지도조종자(교관) 실기반(무인멀티콥터),소형무인기운용·조종,84
DJ-200,드론 법규·컴플라이언스 컨설턴트,Privacy,Privacy 관련 기술,선수 학습(기초 참고),AIG20250000513160,드론 지도조종자(교관) 실기반(무인멀티콥터),소형무인기운용·조종,84
DJ-206,드론 보험 인수심사역,Risk,Risk 관련 기술,선수 학습(기초 참고),AIG20250000513160,드론 지도조종자(교관) 실기반(무인멀티콥터),소형무인기운용·조종,84
DJ-206,드론 보험 인수심사역,Underwriting,Underwriting 관련 기술,선수 학습(기초 참고),AIG20250000513160,드론 지도조종자(교관) 실기반(무인멀티콥터),소형무인기운용·조종,84
DJ-199,드론 산업통계 분석가,Market Analysis,Market Analysis 관련 기술,선수 학습(기초 참고),AIG20250000513160,드론 지도조종자(교관) 실기반(무인멀티콥터),소형무인기운용·조종,84
DJ-199,드론 산업통계 분석가,Statistics,Statistics 관련 기술,선수 학습(기초 참고),AIG20250000513160,드론 지도조종자(교관) 실기반(무인멀티콥터),소형무인기운용·조종,84
DJ-204,드론 실증사업 코디네이터,Demonstration,Demonstration 관련 기술,선수 학습(기초 참고),AIG20250000513160,드론 지도조종자(교관) 실기반(무인멀티콥터),소형무인기운용·조종,84
DJ-204,드론 실증사업 코디네이터,KPI,핵심성과지표,선수 학습(기초 참고),AIG20250000513160,드론 지도조종자(교관) 실기반(무인멀티콥터),소형무인기운용·조종,84
DJ-204,드론 실증사업 코디네이터,Stakeholder,Stakeholder 관련 기술,선수 학습(기초 참고),AIG20250000513160,드론 지도조종자(교관) 실기반(무인멀티콥터),소형무인기운용·조종,84
DJ-207,드론 유통·렌탈 운영자,Inventory,Inventory 관련 기술,선수 학습(기초 참고),AIG20250000513160,드론 지도조종자(교관) 실기반(무인멀티콥터),소형무인기운용·조종,84
DJ-207,드론 유통·렌탈 운영자,Rental,Rental 관련 기술,선수 학습(기초 참고),AIG20250000513160,드론 지도조종자(교관) 실기반(무인멀티콥터),소형무인기운용·조종,84
DJ-209,드론 전시·행사 프로젝트 매니저,Event PM,Event PM 관련 기술,선수 학습(기초 참고),AIG20250000513160,드론 지도조종자(교관) 실기반(무인멀티콥터),소형무인기운용·조종,84
DJ-209,드론 전시·행사 프로젝트 매니저,Safety,Safety 관련 기술,선수 학습(기초 참고),AIG20250000513160,드론 지도조종자(교관) 실기반(무인멀티콥터),소형무인기운용·조종,84
DJ-209,드론 전시·행사 프로젝트 매니저,Vendor,Vendor 관련 기술,선수 학습(기초 참고),AIG20250000513160,드론 지도조종자(교관) 실기반(무인멀티콥터),소형무인기운용·조종,84
DJ-198,드론 정책연구원,Policy Analysis,Policy Analysis 관련 기술,선수 학습(기초 참고),AIG20250000513160,드론 지도조종자(교관) 실기반(무인멀티콥터),소형무인기운용·조종,84
DJ-198,드론 정책연구원,Regulation,Regulation 관련 기술,선수 학습(기초 참고),AIG20250000513160,드론 지도조종자(교관) 실기반(무인멀티콥터),소형무인기운용·조종,84
DJ-198,드론 정책연구원,Statistics,Statistics 관련 기술,선수 학습(기초 참고),AIG20250000513160,드론 지도조종자(교관) 실기반(무인멀티콥터),소형무인기운용·조종,84
DJ-205,드론 창업·사업 컨설턴트,Business Model,Business Model 관련 기술,선수 학습(기초 참고),AIG20250000513160,드론 지도조종자(교관) 실기반(무인멀티콥터),소형무인기운용·조종,84
DJ-205,드론 창업·사업 컨설턴트,Funding,Funding 관련 기술,선수 학습(기초 참고),AIG20250000513160,드론 지도조종자(교관) 실기반(무인멀티콥터),소형무인기운용·조종,84
DJ-205,드론 창업·사업 컨설턴트,Regulation,Regulation 관련 기술,선수 학습(기초 참고),AIG20250000513160,드론 지도조종자(교관) 실기반(무인멀티콥터),소형무인기운용·조종,84
DJ-201,드론 표준화 전문가,ASTM,ASTM 관련 기술,선수 학습(기초 참고),AIG20250000513160,드론 지도조종자(교관) 실기반(무인멀티콥터),소형무인기운용·조종,84
DJ-201,드론 표준화 전문가,ISO,ISO 관련 기술,선수 학습(기초 참고),AIG20250000513160,드론 지도조종자(교관) 실기반(무인멀티콥터),소형무인기운용·조종,84
DJ-201,드론 표준화 전문가,KS,KS 관련 기술,선수 학습(기초 참고),AIG20250000513160,드론 지도조종자(교관) 실기반(무인멀티콥터),소형무인기운용·조종,84
DJ-201,드론 표준화 전문가,Standardization,Standardization 관련 기술,선수 학습(기초 참고),AIG20250000513160,드론 지도조종자(교관) 실기반(무인멀티콥터),소형무인기운용·조종,84
DJ-121,드론 감항·인증 엔지니어,Compliance,Compliance 관련 기술,선수 학습(기초 참고),AIG20250000502620,초경량비행장치 무인멀티콥터(드론)조종자 1종 국가자격취득과정(이론+실기),소형무인기운용·조종,68
DJ-121,드론 감항·인증 엔지니어,Safety,Safety 관련 기술,선수 학습(기초 참고),AIG20250000502620,초경량비행장치 무인멀티콥터(드론)조종자 1종 국가자격취득과정(이론+실기),소형무인기운용·조종,68
DJ-130,드론 비행승인·규제 대응 담당자,Aviation Regulation,Aviation Regulation 관련 기술,선수 학습(기초 참고),AIG20250000502620,초경량비행장치 무인멀티콥터(드론)조종자 1종 국가자격취득과정(이론+실기),소형무인기운용·조종,68
DJ-130,드론 비행승인·규제 대응 담당자,Compliance,Compliance 관련 기술,선수 학습(기초 참고),AIG20250000502620,초경량비행장치 무인멀티콥터(드론)조종자 1종 국가자격취득과정(이론+실기),소형무인기운용·조종,68
DJ-130,드론 비행승인·규제 대응 담당자,Permit,Permit 관련 기술,선수 학습(기초 참고),AIG20250000502620,초경량비행장치 무인멀티콥터(드론)조종자 1종 국가자격취득과정(이론+실기),소형무인기운용·조종,68
DJ-123,드론 비행안전성 평가 전문가,Risk Assessment,Risk Assessment 관련 기술,선수 학습(기초 참고),AIG20250000502620,초경량비행장치 무인멀티콥터(드론)조종자 1종 국가자격취득과정(이론+실기),소형무인기운용·조종,68
DJ-123,드론 비행안전성 평가 전문가,Safety Case,Safety Case 관련 기술,선수 학습(기초 참고),AIG20250000502620,초경량비행장치 무인멀티콥터(드론)조종자 1종 국가자격취득과정(이론+실기),소형무인기운용·조종,68
DJ-123,드론 비행안전성 평가 전문가,SORA,특정운용위험평가,선수 학습(기초 참고),AIG20250000502620,초경량비행장치 무인멀티콥터(드론)조종자 1종 국가자격취득과정(이론+실기),소형무인기운용·조종,68
DJ-126,드론 사고조사관,Accident Investigation,Accident Investigation 관련 기술,선수 학습(기초 참고),AIG20250000502620,초경량비행장치 무인멀티콥터(드론)조종자 1종 국가자격취득과정(이론+실기),소형무인기운용·조종,68
DJ-126,드론 사고조사관,Flight Log,Flight Log 관련 기술,선수 학습(기초 참고),AIG20250000502620,초경량비행장치 무인멀티콥터(드론)조종자 1종 국가자격취득과정(이론+실기),소형무인기운용·조종,68
DJ-128,드론 시험장 운영 담당자,ATC Coordination,ATC Coordination 관련 기술,선수 학습(기초 참고),AIG20250000502620,초경량비행장치 무인멀티콥터(드론)조종자 1종 국가자격취득과정(이론+실기),소형무인기운용·조종,68
DJ-128,드론 시험장 운영 담당자,Safety,Safety 관련 기술,선수 학습(기초 참고),AIG20250000502620,초경량비행장치 무인멀티콥터(드론)조종자 1종 국가자격취득과정(이론+실기),소형무인기운용·조종,68
DJ-128,드론 시험장 운영 담당자,Test Range,Test Range 관련 기술,선수 학습(기초 참고),AIG20250000502620,초경량비행장치 무인멀티콥터(드론)조종자 1종 국가자격취득과정(이론+실기),소형무인기운용·조종,68
DJ-124,드론 안전관리자,Audit,Audit 관련 기술,선수 학습(기초 참고),AIG20250000502620,초경량비행장치 무인멀티콥터(드론)조종자 1종 국가자격취득과정(이론+실기),소형무인기운용·조종,68
DJ-124,드론 안전관리자,Hazard,Hazard 관련 기술,선수 학습(기초 참고),AIG20250000502620,초경량비행장치 무인멀티콥터(드론)조종자 1종 국가자격취득과정(이론+실기),소형무인기운용·조종,68
DJ-124,드론 안전관리자,SMS,안전관리시스템,선수 학습(기초 참고),AIG20250000502620,초경량비행장치 무인멀티콥터(드론)조종자 1종 국가자격취득과정(이론+실기),소형무인기운용·조종,68
DJ-129,드론 인증센터 시험설비 기술자,Calibration,Calibration 관련 기술,선수 학습(기초 참고),AIG20250000502620,초경량비행장치 무인멀티콥터(드론)조종자 1종 국가자격취득과정(이론+실기),소형무인기운용·조종,68
DJ-129,드론 인증센터 시험설비 기술자,Lab Equipment,Lab Equipment 관련 기술,선수 학습(기초 참고),AIG20250000502620,초경량비행장치 무인멀티콥터(드론)조종자 1종 국가자격취득과정(이론+실기),소형무인기운용·조종,68
DJ-129,드론 인증센터 시험설비 기술자,Test,Test 관련 기술,선수 학습(기초 참고),AIG20250000502620,초경량비행장치 무인멀티콥터(드론)조종자 1종 국가자격취득과정(이론+실기),소형무인기운용·조종,68
DJ-122,드론 인증시험 엔지니어,Certification,Certification 관련 기술,선수 학습(기초 참고),AIG20250000502620,초경량비행장치 무인멀티콥터(드론)조종자 1종 국가자격취득과정(이론+실기),소형무인기운용·조종,68
DJ-122,드론 인증시험 엔지니어,Report,Report 관련 기술,선수 학습(기초 참고),AIG20250000502620,초경량비행장치 무인멀티콥터(드론)조종자 1종 국가자격취득과정(이론+실기),소형무인기운용·조종,68
DJ-122,드론 인증시험 엔지니어,Test Plan,Test Plan 관련 기술,선수 학습(기초 참고),AIG20250000502620,초경량비행장치 무인멀티콥터(드론)조종자 1종 국가자격취득과정(이론+실기),소형무인기운용·조종,68
DJ-125,드론 품질보증 엔지니어,AS9100,항공우주 품질경영시스템,선수 학습(기초 참고),AIG20250000502620,초경량비행장치 무인멀티콥터(드론)조종자 1종 국가자격취득과정(이론+실기),소형무인기운용·조종,68
DJ-125,드론 품질보증 엔지니어,Audit,Audit 관련 기술,선수 학습(기초 참고),AIG20250000502620,초경량비행장치 무인멀티콥터(드론)조종자 1종 국가자격취득과정(이론+실기),소형무인기운용·조종,68
DJ-125,드론 품질보증 엔지니어,QA,품질보증,선수 학습(기초 참고),AIG20250000502620,초경량비행장치 무인멀티콥터(드론)조종자 1종 국가자격취득과정(이론+실기),소형무인기운용·조종,68
DJ-104,드론 배차·운항통제 담당자,Dispatch,Dispatch 관련 기술,선수 학습(기초 참고),AIG20250000502620,초경량비행장치 무인멀티콥터(드론)조종자 1종 국가자격취득과정(이론+실기),소형무인기운용·조종,68
DJ-104,드론 배차·운항통제 담당자,Weather,Weather 관련 기술,선수 학습(기초 참고),AIG20250000502620,초경량비행장치 무인멀티콥터(드론)조종자 1종 국가자격취득과정(이론+실기),소형무인기운용·조종,68
DJ-107,드론 시각관찰자,CRM,승무원·팀 자원관리,선수 학습(기초 참고),AIG20250000502620,초경량비행장치 무인멀티콥터(드론)조종자 1종 국가자격취득과정(이론+실기),소형무인기운용·조종,68
DJ-107,드론 시각관찰자,Visual Observation,Visual Observation 관련 기술,선수 학습(기초 참고),AIG20250000502620,초경량비행장치 무인멀티콥터(드론)조종자 1종 국가자격취득과정(이론+실기),소형무인기운용·조종,68
DJ-107,드론 시각관찰자,무전,무전,선수 학습(기초 참고),AIG20250000502620,초경량비행장치 무인멀티콥터(드론)조종자 1종 국가자격취득과정(이론+실기),소형무인기운용·조종,68
DJ-103,드론 운항관리자,Operations,Operations 관련 기술,선수 학습(기초 참고),AIG20250000502620,초경량비행장치 무인멀티콥터(드론)조종자 1종 국가자격취득과정(이론+실기),소형무인기운용·조종,68
DJ-103,드론 운항관리자,일정,일정,선수 학습(기초 참고),AIG20250000502620,초경량비행장치 무인멀티콥터(드론)조종자 1종 국가자격취득과정(이론+실기),소형무인기운용·조종,68
DJ-102,드론 임무계획 담당자,Mission Planning,Mission Planning 관련 기술,선수 학습(기초 참고),AIG20250000502620,초경량비행장치 무인멀티콥터(드론)조종자 1종 국가자격취득과정(이론+실기),소형무인기운용·조종,68
DJ-102,드론 임무계획 담당자,기상,기상,선수 학습(기초 참고),AIG20250000502620,초경량비행장치 무인멀티콥터(드론)조종자 1종 국가자격취득과정(이론+실기),소형무인기운용·조종,68
DJ-105,드론 지상통제소 운용자,C2,C2 관련 기술,선수 학습(기초 참고),AIG20250000502620,초경량비행장치 무인멀티콥터(드론)조종자 1종 국가자격취득과정(이론+실기),소형무인기운용·조종,68
DJ-105,드론 지상통제소 운용자,GCS,지상관제시스템,선수 학습(기초 참고),AIG20250000502620,초경량비행장치 무인멀티콥터(드론)조종자 1종 국가자격취득과정(이론+실기),소형무인기운용·조종,68
DJ-105,드론 지상통제소 운용자,Telemetry,Telemetry 관련 기술,선수 학습(기초 참고),AIG20250000502620,초경량비행장치 무인멀티콥터(드론)조종자 1종 국가자격취득과정(이론+실기),소형무인기운용·조종,68
DJ-095,드론 파일럿,기상,기상,선수 학습(기초 참고),AIG20250000502620,초경량비행장치 무인멀티콥터(드론)조종자 1종 국가자격취득과정(이론+실기),소형무인기운용·조종,68
DJ-106,드론 페이로드 운용자,Mission,Mission 관련 기술,선수 학습(기초 참고),AIG20250000502620,초경량비행장치 무인멀티콥터(드론)조종자 1종 국가자격취득과정(이론+실기),소형무인기운용·조종,68
DJ-106,드론 페이로드 운용자,Payload,Payload 관련 기술,선수 학습(기초 참고),AIG20250000502620,초경량비행장치 무인멀티콥터(드론)조종자 1종 국가자격취득과정(이론+실기),소형무인기운용·조종,68
DJ-106,드론 페이로드 운용자,Sensor,Sensor 관련 기술,선수 학습(기초 참고),AIG20250000502620,초경량비행장치 무인멀티콥터(드론)조종자 1종 국가자격취득과정(이론+실기),소형무인기운용·조종,68
DJ-108,드론 플릿 관제사,Fleet Control,Fleet Control 관련 기술,선수 학습(기초 참고),AIG20250000502620,초경량비행장치 무인멀티콥터(드론)조종자 1종 국가자격취득과정(이론+실기),소형무인기운용·조종,68
DJ-108,드론 플릿 관제사,Telemetry,Telemetry 관련 기술,선수 학습(기초 참고),AIG20250000502620,초경량비행장치 무인멀티콥터(드론)조종자 1종 국가자격취득과정(이론+실기),소형무인기운용·조종,68
DJ-096,멀티콥터 드론 조종자,GCS,지상관제시스템,선수 학습(기초 참고),AIG20250000502620,초경량비행장치 무인멀티콥터(드론)조종자 1종 국가자격취득과정(이론+실기),소형무인기운용·조종,68
DJ-096,멀티콥터 드론 조종자,현장안전,현장안전,선수 학습(기초 참고),AIG20250000502620,초경량비행장치 무인멀티콥터(드론)조종자 1종 국가자격취득과정(이론+실기),소형무인기운용·조종,68
DJ-097,무인비행기 조종자,고정익,고정익,선수 학습(기초 참고),AIG20250000502620,초경량비행장치 무인멀티콥터(드론)조종자 1종 국가자격취득과정(이론+실기),소형무인기운용·조종,68
DJ-097,무인비행기 조종자,임무계획,임무계획,선수 학습(기초 참고),AIG20250000502620,초경량비행장치 무인멀티콥터(드론)조종자 1종 국가자격취득과정(이론+실기),소형무인기운용·조종,68
DJ-098,무인헬리콥터 조종자,무인헬기,무인헬기,선수 학습(기초 참고),AIG20250000502620,초경량비행장치 무인멀티콥터(드론)조종자 1종 국가자격취득과정(이론+실기),소형무인기운용·조종,68
DJ-098,무인헬리콥터 조종자,회전익,회전익,선수 학습(기초 참고),AIG20250000502620,초경량비행장치 무인멀티콥터(드론)조종자 1종 국가자격취득과정(이론+실기),소형무인기운용·조종,68
DJ-101,장거리·비가시권 드론 조종자,C2,C2 관련 기술,선수 학습(기초 참고),AIG20250000502620,초경량비행장치 무인멀티콥터(드론)조종자 1종 국가자격취득과정(이론+실기),소형무인기운용·조종,68
DJ-101,장거리·비가시권 드론 조종자,Detect-and-Avoid,Detect-and-Avoid 관련 기술,선수 학습(기초 참고),AIG20250000502620,초경량비행장치 무인멀티콥터(드론)조종자 1종 국가자격취득과정(이론+실기),소형무인기운용·조종,68
DJ-100,FPV 드론 조종자,영상링크,영상링크,선수 학습(기초 참고),AIG20250000502620,초경량비행장치 무인멀티콥터(드론)조종자 1종 국가자격취득과정(이론+실기),소형무인기운용·조종,68
DJ-099,VTOL 무인기 조종자,GCS,지상관제시스템,선수 학습(기초 참고),AIG20250000502620,초경량비행장치 무인멀티콥터(드론)조종자 1종 국가자격취득과정(이론+실기),소형무인기운용·조종,68
DJ-099,VTOL 무인기 조종자,천이비행,천이비행,선수 학습(기초 참고),AIG20250000502620,초경량비행장치 무인멀티콥터(드론)조종자 1종 국가자격취득과정(이론+실기),소형무인기운용·조종,68
DJ-148,드론 산림조사원,Forest GIS,Forest GIS 관련 기술,선수 학습(기초 참고),AIG20250000520214,특화드론운용 및 2D/3D공간정보 촬영 편집(A반),소형무인기운용·조종,64
DJ-182,드론 배송 조종·관제 담당자,Logistics,Logistics 관련 기술,선수 학습(기초 참고),AIG20250000520214,특화드론운용 및 2D/3D공간정보 촬영 편집(A반),소형무인기운용·조종,64
DJ-158,드론 건설공정 관리자,Construction,Construction 관련 기술,선수 학습(기초 참고),AIG20250000520214,특화드론운용 및 2D/3D공간정보 촬영 편집(A반),소형무인기운용·조종,64
DJ-159,드론 건축물 안전점검원,Defect,Defect 관련 기술,선수 학습(기초 참고),AIG20250000520214,특화드론운용 및 2D/3D공간정보 촬영 편집(A반),소형무인기운용·조종,64
DJ-159,드론 건축물 안전점검원,Inspection,Inspection 관련 기술,선수 학습(기초 참고),AIG20250000520214,특화드론운용 및 2D/3D공간정보 촬영 편집(A반),소형무인기운용·조종,64
DJ-159,드론 건축물 안전점검원,Thermal,Thermal 관련 기술,선수 학습(기초 참고),AIG20250000520214,특화드론운용 및 2D/3D공간정보 촬영 편집(A반),소형무인기운용·조종,64
DJ-168,드론 광산·토공량 측정 전문가,Mine Safety,Mine Safety 관련 기술,선수 학습(기초 참고),AIG20250000520214,특화드론운용 및 2D/3D공간정보 촬영 편집(A반),소형무인기운용·조종,64
DJ-160,드론 교량·터널 점검원,FPV,1인칭 시점 비행,선수 학습(기초 참고),AIG20250000520214,특화드론운용 및 2D/3D공간정보 촬영 편집(A반),소형무인기운용·조종,64
DJ-160,드론 교량·터널 점검원,NDT,비파괴검사,선수 학습(기초 참고),AIG20250000520214,특화드론운용 및 2D/3D공간정보 촬영 편집(A반),소형무인기운용·조종,64
DJ-160,드론 교량·터널 점검원,Structural Inspection,Structural Inspection 관련 기술,선수 학습(기초 참고),AIG20250000520214,특화드론운용 및 2D/3D공간정보 촬영 편집(A반),소형무인기운용·조종,64
DJ-161,드론 도로·철도 점검원,CV,컴퓨터 비전,선수 학습(기초 참고),AIG20250000520214,특화드론운용 및 2D/3D공간정보 촬영 편집(A반),소형무인기운용·조종,64
DJ-161,드론 도로·철도 점검원,Linear Inspection,Linear Inspection 관련 기술,선수 학습(기초 참고),AIG20250000520214,특화드론운용 및 2D/3D공간정보 촬영 편집(A반),소형무인기운용·조종,64
DJ-169,드론 문화유산 조사·보존 기록가,Heritage,Heritage 관련 기술,선수 학습(기초 참고),AIG20250000520214,특화드론운용 및 2D/3D공간정보 촬영 편집(A반),소형무인기운용·조종,64
DJ-167,드론 상하수도·맨홀 점검원,Confined Space,Confined Space 관련 기술,선수 학습(기초 참고),AIG20250000520214,특화드론운용 및 2D/3D공간정보 촬영 편집(A반),소형무인기운용·조종,64
DJ-167,드론 상하수도·맨홀 점검원,FPV,1인칭 시점 비행,선수 학습(기초 참고),AIG20250000520214,특화드론운용 및 2D/3D공간정보 촬영 편집(A반),소형무인기운용·조종,64
DJ-167,드론 상하수도·맨홀 점검원,Gas Safety,Gas Safety 관련 기술,선수 학습(기초 참고),AIG20250000520214,특화드론운용 및 2D/3D공간정보 촬영 편집(A반),소형무인기운용·조종,64
DJ-162,드론 전력선·송전탑 점검원,Power Safety,Power Safety 관련 기술,선수 학습(기초 참고),AIG20250000520214,특화드론운용 및 2D/3D공간정보 촬영 편집(A반),소형무인기운용·조종,64
DJ-162,드론 전력선·송전탑 점검원,Thermal,Thermal 관련 기술,선수 학습(기초 참고),AIG20250000520214,특화드론운용 및 2D/3D공간정보 촬영 편집(A반),소형무인기운용·조종,64
DJ-162,드론 전력선·송전탑 점검원,Zoom,Zoom 관련 기술,선수 학습(기초 참고),AIG20250000520214,특화드론운용 및 2D/3D공간정보 촬영 편집(A반),소형무인기운용·조종,64
DJ-163,드론 태양광 설비 점검원,PV,PV 관련 기술,선수 학습(기초 참고),AIG20250000520214,특화드론운용 및 2D/3D공간정보 촬영 편집(A반),소형무인기운용·조종,64
DJ-163,드론 태양광 설비 점검원,Reporting,Reporting 관련 기술,선수 학습(기초 참고),AIG20250000520214,특화드론운용 및 2D/3D공간정보 촬영 편집(A반),소형무인기운용·조종,64
DJ-163,드론 태양광 설비 점검원,Thermal,Thermal 관련 기술,선수 학습(기초 참고),AIG20250000520214,특화드론운용 및 2D/3D공간정보 촬영 편집(A반),소형무인기운용·조종,64
DJ-165,드론 파이프라인 점검원,Gas Sensor,Gas Sensor 관련 기술,선수 학습(기초 참고),AIG20250000520214,특화드론운용 및 2D/3D공간정보 촬영 편집(A반),소형무인기운용·조종,64
DJ-165,드론 파이프라인 점검원,Pipeline,Pipeline 관련 기술,선수 학습(기초 참고),AIG20250000520214,특화드론운용 및 2D/3D공간정보 촬영 편집(A반),소형무인기운용·조종,64
DJ-165,드론 파이프라인 점검원,Thermal,Thermal 관련 기술,선수 학습(기초 참고),AIG20250000520214,특화드론운용 및 2D/3D공간정보 촬영 편집(A반),소형무인기운용·조종,64
DJ-164,드론 풍력터빈 점검원,Blade Inspection,Blade Inspection 관련 기술,선수 학습(기초 참고),AIG20250000520214,특화드론운용 및 2D/3D공간정보 촬영 편집(A반),소형무인기운용·조종,64
DJ-164,드론 풍력터빈 점검원,Defect,Defect 관련 기술,선수 학습(기초 참고),AIG20250000520214,특화드론운용 및 2D/3D공간정보 촬영 편집(A반),소형무인기운용·조종,64
DJ-164,드론 풍력터빈 점검원,Zoom,Zoom 관련 기술,선수 학습(기초 참고),AIG20250000520214,특화드론운용 및 2D/3D공간정보 촬영 편집(A반),소형무인기운용·조종,64
DJ-166,드론 하천·댐 시설 조사원,Hydrology,Hydrology 관련 기술,선수 학습(기초 참고),AIG20250000520214,특화드론운용 및 2D/3D공간정보 촬영 편집(A반),소형무인기운용·조종,64
DJ-166,드론 하천·댐 시설 조사원,Inspection,Inspection 관련 기술,선수 학습(기초 참고),AIG20250000520214,특화드론운용 및 2D/3D공간정보 촬영 편집(A반),소형무인기운용·조종,64
DJ-127,드론 비행로그 안전분석가,Safety Analytics,Safety Analytics 관련 기술,선수 학습(기초 참고),AIG20250000531993,무인항공기 임무비행 전문가,소형무인기운용·조종,41
DJ-127,드론 비행로그 안전분석가,Statistics,Statistics 관련 기술,선수 학습(기초 참고),AIG20250000531993,무인항공기 임무비행 전문가,소형무인기운용·조종,41
DJ-173,경찰 드론 순찰·수사 지원요원,Evidence,Evidence 관련 기술,선수 학습(기초 참고),AIG20250000531993,무인항공기 임무비행 전문가,소형무인기운용·조종,41
DJ-173,경찰 드론 순찰·수사 지원요원,Privacy,Privacy 관련 기술,선수 학습(기초 참고),AIG20250000531993,무인항공기 임무비행 전문가,소형무인기운용·조종,41
DJ-174,교정시설 드론 순찰요원,Perimeter Patrol,Perimeter Patrol 관련 기술,선수 학습(기초 참고),AIG20250000531993,무인항공기 임무비행 전문가,소형무인기운용·조종,41
DJ-174,교정시설 드론 순찰요원,Security,Security 관련 기술,선수 학습(기초 참고),AIG20250000531993,무인항공기 임무비행 전문가,소형무인기운용·조종,41
DJ-176,군 무인기 정찰·감시 운용요원,EO/IR,전자광학·적외선,선수 학습(기초 참고),AIG20250000531993,무인항공기 임무비행 전문가,소형무인기운용·조종,41
DJ-176,군 무인기 정찰·감시 운용요원,ISR,ISR 관련 기술,선수 학습(기초 참고),AIG20250000531993,무인항공기 임무비행 전문가,소형무인기운용·조종,41
DJ-176,군 무인기 정찰·감시 운용요원,Mission Planning,Mission Planning 관련 기술,선수 학습(기초 참고),AIG20250000531993,무인항공기 임무비행 전문가,소형무인기운용·조종,41
DJ-178,대드론 대응체계 엔지니어,C-UAS,C-UAS 관련 기술,선수 학습(기초 참고),AIG20250000531993,무인항공기 임무비행 전문가,소형무인기운용·조종,41
DJ-178,대드론 대응체계 엔지니어,RF Safety,RF Safety 관련 기술,선수 학습(기초 참고),AIG20250000531993,무인항공기 임무비행 전문가,소형무인기운용·조종,41
DJ-178,대드론 대응체계 엔지니어,Systems Integration,Systems Integration 관련 기술,선수 학습(기초 참고),AIG20250000531993,무인항공기 임무비행 전문가,소형무인기운용·조종,41
DJ-177,대드론 탐지시스템 운용자,Counter-UAS,Counter-UAS 관련 기술,선수 학습(기초 참고),AIG20250000531993,무인항공기 임무비행 전문가,소형무인기운용·조종,41
DJ-177,대드론 탐지시스템 운용자,Radar,Radar 관련 기술,선수 학습(기초 참고),AIG20250000531993,무인항공기 임무비행 전문가,소형무인기운용·조종,41
DJ-177,대드론 탐지시스템 운용자,RF,무선주파수,선수 학습(기초 참고),AIG20250000531993,무인항공기 임무비행 전문가,소형무인기운용·조종,41
DJ-181,드론 기상관측 운용자,Data QA,Data QA 관련 기술,선수 학습(기초 참고),AIG20250000531993,무인항공기 임무비행 전문가,소형무인기운용·조종,41
DJ-181,드론 기상관측 운용자,Meteorology,Meteorology 관련 기술,선수 학습(기초 참고),AIG20250000531993,무인항공기 임무비행 전문가,소형무인기운용·조종,41
DJ-181,드론 기상관측 운용자,Sensor,Sensor 관련 기술,선수 학습(기초 참고),AIG20250000531993,무인항공기 임무비행 전문가,소형무인기운용·조종,41
DJ-182,드론 배송 조종·관제 담당자,Fleet,Fleet 관련 기술,선수 학습(기초 참고),AIG20250000531993,무인항공기 임무비행 전문가,소형무인기운용·조종,41
DJ-186,드론 보험손해 조사원,Evidence,Evidence 관련 기술,선수 학습(기초 참고),AIG20250000531993,무인항공기 임무비행 전문가,소형무인기운용·조종,41
DJ-186,드론 보험손해 조사원,Loss Assessment,Loss Assessment 관련 기술,선수 학습(기초 참고),AIG20250000531993,무인항공기 임무비행 전문가,소형무인기운용·조종,41
DJ-171,드론 수색구조 요원,Grid Search,Grid Search 관련 기술,선수 학습(기초 참고),AIG20250000531993,무인항공기 임무비행 전문가,소형무인기운용·조종,41
DJ-171,드론 수색구조 요원,Thermal,Thermal 관련 기술,선수 학습(기초 참고),AIG20250000531993,무인항공기 임무비행 전문가,소형무인기운용·조종,41
DJ-184,드론 스테이션 운영자,Remote Ops,Remote Ops 관련 기술,선수 학습(기초 참고),AIG20250000531993,무인항공기 임무비행 전문가,소형무인기운용·조종,41
DJ-180,드론 해양오염 조사원,Multispectral,다중분광 영상,선수 학습(기초 참고),AIG20250000531993,무인항공기 임무비행 전문가,소형무인기운용·조종,41
DJ-175,세관·국경감시 드론 운용요원,Evidence,Evidence 관련 기술,선수 학습(기초 참고),AIG20250000531993,무인항공기 임무비행 전문가,소형무인기운용·조종,41
DJ-175,세관·국경감시 드론 운용요원,ISR,ISR 관련 기술,선수 학습(기초 참고),AIG20250000531993,무인항공기 임무비행 전문가,소형무인기운용·조종,41
DJ-175,세관·국경감시 드론 운용요원,Long-range,Long-range 관련 기술,선수 학습(기초 참고),AIG20250000531993,무인항공기 임무비행 전문가,소형무인기운용·조종,41
DJ-172,소방 드론 운용요원,Thermal,Thermal 관련 기술,선수 학습(기초 참고),AIG20250000531993,무인항공기 임무비행 전문가,소형무인기운용·조종,41
DJ-170,재난현장 드론 운용요원,Thermal,Thermal 관련 기술,선수 학습(기초 참고),AIG20250000531993,무인항공기 임무비행 전문가,소형무인기운용·조종,41
DJ-179,해양 드론 안전감시원,EO/IR,전자광학·적외선,선수 학습(기초 참고),AIG20250000531993,무인항공기 임무비행 전문가,소형무인기운용·조종,41
DJ-135,드론 360·VR 콘텐츠 제작자,VR,VR 관련 기술,선수 학습(기초 참고),ACG20263001414787,[촬영용 드론] 드론을 활용한 영상촬영 및 편집기술,소형무인기운용·조종,31
DJ-136,드론 라이트쇼 디자이너,Storyboard,Storyboard 관련 기술,선수 학습(기초 참고),ACG20263001414787,[촬영용 드론] 드론을 활용한 영상촬영 및 편집기술,소형무인기운용·조종,31
DJ-133,드론 방송중계 운용자,RF,무선주파수,선수 학습(기초 참고),ACG20263001414787,[촬영용 드론] 드론을 활용한 영상촬영 및 편집기술,소형무인기운용·조종,31
DJ-132,드론 영상촬영 감독,FPV,1인칭 시점 비행,선수 학습(기초 참고),ACG20263001414787,[촬영용 드론] 드론을 활용한 영상촬영 및 편집기술,소형무인기운용·조종,31
DJ-131,드론 항공사진 촬영가,Composition,Composition 관련 기술,선수 학습(기초 참고),ACG20263001414787,[촬영용 드론] 드론을 활용한 영상촬영 및 편집기술,소형무인기운용·조종,31
DJ-141,드론레이싱 선수,FPV,1인칭 시점 비행,선수 학습(기초 참고),ACG20263001414787,[촬영용 드론] 드론을 활용한 영상촬영 및 편집기술,소형무인기운용·조종,31
DJ-141,드론레이싱 선수,Racing,Racing 관련 기술,선수 학습(기초 참고),ACG20263001414787,[촬영용 드론] 드론을 활용한 영상촬영 및 편집기술,소형무인기운용·조종,31
DJ-141,드론레이싱 선수,Tuning,Tuning 관련 기술,선수 학습(기초 참고),ACG20263001414787,[촬영용 드론] 드론을 활용한 영상촬영 및 편집기술,소형무인기운용·조종,31
DJ-137,드론쇼 군집운항 감독,RF,무선주파수,선수 학습(기초 참고),ACG20263001414787,[촬영용 드론] 드론을 활용한 영상촬영 및 편집기술,소형무인기운용·조종,31
DJ-137,드론쇼 군집운항 감독,Safety,Safety 관련 기술,선수 학습(기초 참고),ACG20263001414787,[촬영용 드론] 드론을 활용한 영상촬영 및 편집기술,소형무인기운용·조종,31
DJ-137,드론쇼 군집운항 감독,Swarm Ops,Swarm Ops 관련 기술,선수 학습(기초 참고),ACG20263001414787,[촬영용 드론] 드론을 활용한 영상촬영 및 편집기술,소형무인기운용·조종,31
DJ-138,드론쇼 현장 기술자,Field Ops,Field Ops 관련 기술,선수 학습(기초 참고),ACG20263001414787,[촬영용 드론] 드론을 활용한 영상촬영 및 편집기술,소형무인기운용·조종,31
DJ-138,드론쇼 현장 기술자,Fleet,Fleet 관련 기술,선수 학습(기초 참고),ACG20263001414787,[촬영용 드론] 드론을 활용한 영상촬영 및 편집기술,소형무인기운용·조종,31
DJ-139,드론축구 선수,Drone Soccer,Drone Soccer 관련 기술,선수 학습(기초 참고),ACG20263001414787,[촬영용 드론] 드론을 활용한 영상촬영 및 편집기술,소형무인기운용·조종,31
DJ-139,드론축구 선수,FPV,1인칭 시점 비행,선수 학습(기초 참고),ACG20263001414787,[촬영용 드론] 드론을 활용한 영상촬영 및 편집기술,소형무인기운용·조종,31
DJ-139,드론축구 선수,Team Tactics,Team Tactics 관련 기술,선수 학습(기초 참고),ACG20263001414787,[촬영용 드론] 드론을 활용한 영상촬영 및 편집기술,소형무인기운용·조종,31
DJ-140,드론축구 지도자,Coaching,Coaching 관련 기술,선수 학습(기초 참고),ACG20263001414787,[촬영용 드론] 드론을 활용한 영상촬영 및 편집기술,소형무인기운용·조종,31
DJ-140,드론축구 지도자,Drone Soccer,Drone Soccer 관련 기술,선수 학습(기초 참고),ACG20263001414787,[촬영용 드론] 드론을 활용한 영상촬영 및 편집기술,소형무인기운용·조종,31
DJ-140,드론축구 지도자,Safety,Safety 관련 기술,선수 학습(기초 참고),ACG20263001414787,[촬영용 드론] 드론을 활용한 영상촬영 및 편집기술,소형무인기운용·조종,31
DJ-134,FPV 드론 촬영가,FPV,1인칭 시점 비행,선수 학습(기초 참고),ACG20263001414787,[촬영용 드론] 드론을 활용한 영상촬영 및 편집기술,소형무인기운용·조종,31
DJ-134,FPV 드론 촬영가,Manual Flight,Manual Flight 관련 기술,선수 학습(기초 참고),ACG20263001414787,[촬영용 드론] 드론을 활용한 영상촬영 및 편집기술,소형무인기운용·조종,31
DJ-069,드론 환경·내구 시험 엔지니어,환경시험,환경시험,선수 학습(기초 참고),AVA20263001321903,"드론 활용실무(건설, 물류, 방제용 드론)",소형무인기운용·조종,27
DJ-152,드론 대기오염·배출원 감시원,Evidence,Evidence 관련 기술,선수 학습(기초 참고),AVA20263001321903,"드론 활용실무(건설, 물류, 방제용 드론)",소형무인기운용·조종,27
DJ-152,드론 대기오염·배출원 감시원,Gas Sensor,Gas Sensor 관련 기술,선수 학습(기초 참고),AVA20263001321903,"드론 활용실무(건설, 물류, 방제용 드론)",소형무인기운용·조종,27
DJ-152,드론 대기오염·배출원 감시원,PM,프로젝트 관리,선수 학습(기초 참고),AVA20263001321903,"드론 활용실무(건설, 물류, 방제용 드론)",소형무인기운용·조종,27
DJ-149,드론 산림병해충 예찰원,Multispectral,다중분광 영상,선수 학습(기초 참고),AVA20263001321903,"드론 활용실무(건설, 물류, 방제용 드론)",소형무인기운용·조종,27
DJ-148,드론 산림조사원,Remote Sensing,원격탐사,선수 학습(기초 참고),AVA20263001321903,"드론 활용실무(건설, 물류, 방제용 드론)",소형무인기운용·조종,27
DJ-150,드론 산불감시·진화지원 요원,Incident Command,Incident Command 관련 기술,선수 학습(기초 참고),AVA20263001321903,"드론 활용실무(건설, 물류, 방제용 드론)",소형무인기운용·조종,27
DJ-150,드론 산불감시·진화지원 요원,Thermal,Thermal 관련 기술,선수 학습(기초 참고),AVA20263001321903,"드론 활용실무(건설, 물류, 방제용 드론)",소형무인기운용·조종,27
DJ-153,드론 야생동물·생태 조사원,Ecology,Ecology 관련 기술,선수 학습(기초 참고),AVA20263001321903,"드론 활용실무(건설, 물류, 방제용 드론)",소형무인기운용·조종,27
DJ-153,드론 야생동물·생태 조사원,Thermal,Thermal 관련 기술,선수 학습(기초 참고),AVA20263001321903,"드론 활용실무(건설, 물류, 방제용 드론)",소형무인기운용·조종,27
DJ-145,드론 작황·생육 조사원,Multispectral,다중분광 영상,선수 학습(기초 참고),AVA20263001321903,"드론 활용실무(건설, 물류, 방제용 드론)",소형무인기운용·조종,27
DJ-146,드론 정밀농업 분석가,Remote Sensing,원격탐사,선수 학습(기초 참고),AVA20263001321903,"드론 활용실무(건설, 물류, 방제용 드론)",소형무인기운용·조종,27
DJ-147,드론 축산·가축 모니터링 담당자,Detection,Detection 관련 기술,선수 학습(기초 참고),AVA20263001321903,"드론 활용실무(건설, 물류, 방제용 드론)",소형무인기운용·조종,27
DJ-147,드론 축산·가축 모니터링 담당자,Thermal,Thermal 관련 기술,선수 학습(기초 참고),AVA20263001321903,"드론 활용실무(건설, 물류, 방제용 드론)",소형무인기운용·조종,27
DJ-151,드론 환경모니터링 조사원,Environmental Sensor,Environmental Sensor 관련 기술,선수 학습(기초 참고),AVA20263001321903,"드론 활용실무(건설, 물류, 방제용 드론)",소형무인기운용·조종,27
DJ-151,드론 환경모니터링 조사원,Sampling,Sampling 관련 기술,선수 학습(기초 참고),AVA20263001321903,"드론 활용실무(건설, 물류, 방제용 드론)",소형무인기운용·조종,27
DJ-065,드론 레이더 탑재체 엔지니어,DSP,디지털 신호처리,선수 학습(기초 참고),ACG20263001192049,드론 기초기술 현장적용 가이드,정보기술컨설팅,20
DJ-065,드론 레이더 탑재체 엔지니어,Radar,Radar 관련 기술,선수 학습(기초 참고),ACG20263001192049,드론 기초기술 현장적용 가이드,정보기술컨설팅,20
DJ-066,드론 멀티스펙트럴 센서 엔지니어,Multispectral,다중분광 영상,선수 학습(기초 참고),ACG20263001192049,드론 기초기술 현장적용 가이드,정보기술컨설팅,20
DJ-066,드론 멀티스펙트럴 센서 엔지니어,Radiometric Calibration,Radiometric Calibration 관련 기술,선수 학습(기초 참고),ACG20263001192049,드론 기초기술 현장적용 가이드,정보기술컨설팅,20
DJ-067,드론 임무장비 통합 엔지니어,ICD,인터페이스 통제문서,선수 학습(기초 참고),ACG20263001192049,드론 기초기술 현장적용 가이드,정보기술컨설팅,20
DJ-067,드론 임무장비 통합 엔지니어,Payload,Payload 관련 기술,선수 학습(기초 참고),ACG20263001192049,드론 기초기술 현장적용 가이드,정보기술컨설팅,20
DJ-067,드론 임무장비 통합 엔지니어,중량중심,중량중심,선수 학습(기초 참고),ACG20263001192049,드론 기초기술 현장적용 가이드,정보기술컨설팅,20
DJ-062,드론 임무컴퓨터 개발자,Edge Computer,Edge Computer 관련 기술,선수 학습(기초 참고),ACG20263001192049,드론 기초기술 현장적용 가이드,정보기술컨설팅,20
DJ-062,드론 임무컴퓨터 개발자,GPU,GPU 관련 기술,선수 학습(기초 참고),ACG20263001192049,드론 기초기술 현장적용 가이드,정보기술컨설팅,20
DJ-062,드론 임무컴퓨터 개발자,임베디드,임베디드,선수 학습(기초 참고),ACG20263001192049,드론 기초기술 현장적용 가이드,정보기술컨설팅,20
DJ-069,드론 환경·내구 시험 엔지니어,HALT,HALT 관련 기술,선수 학습(기초 참고),ACG20263001192049,드론 기초기술 현장적용 가이드,정보기술컨설팅,20
DJ-069,드론 환경·내구 시험 엔지니어,진동,진동,선수 학습(기초 참고),ACG20263001192049,드론 기초기술 현장적용 가이드,정보기술컨설팅,20
DJ-068,드론 EMC·EMI 시험 엔지니어,EMC,전자파 적합성,선수 학습(기초 참고),ACG20263001192049,드론 기초기술 현장적용 가이드,정보기술컨설팅,20
DJ-068,드론 EMC·EMI 시험 엔지니어,EMI,전자파 간섭,선수 학습(기초 참고),ACG20263001192049,드론 기초기술 현장적용 가이드,정보기술컨설팅,20
DJ-068,드론 EMC·EMI 시험 엔지니어,시험규격,시험규격,선수 학습(기초 참고),ACG20263001192049,드론 기초기술 현장적용 가이드,정보기술컨설팅,20
DJ-063,드론 EO/IR 짐벌 엔지니어,EO/IR,전자광학·적외선,선수 학습(기초 참고),ACG20263001192049,드론 기초기술 현장적용 가이드,정보기술컨설팅,20
DJ-063,드론 EO/IR 짐벌 엔지니어,광학,광학,선수 학습(기초 참고),ACG20263001192049,드론 기초기술 현장적용 가이드,정보기술컨설팅,20
DJ-063,드론 EO/IR 짐벌 엔지니어,짐벌제어,짐벌제어,선수 학습(기초 참고),ACG20263001192049,드론 기초기술 현장적용 가이드,정보기술컨설팅,20
DJ-064,드론 LiDAR 탑재체 엔지니어,Boresight,Boresight 관련 기술,선수 학습(기초 참고),ACG20263001192049,드론 기초기술 현장적용 가이드,정보기술컨설팅,20
DJ-064,드론 LiDAR 탑재체 엔지니어,PPS,PPS 관련 기술,선수 학습(기초 참고),ACG20263001192049,드론 기초기술 현장적용 가이드,정보기술컨설팅,20
DJ-046,드론 열관리 엔지니어,환경시험,환경시험,선수 학습(기초 참고),AIG20250000517356,"드론(소형무인기) 항공촬영, 편집, 드론방제, 드론정비 및 국가자격(드론1종) 취득과정",소형무인기운용·조종,4
DJ-121,드론 감항·인증 엔지니어,Airworthiness,Airworthiness 관련 기술,선수 학습(기초 참고),AIG20250000513278,드론 AI소프트웨어 개발[픽스호크+아두파일럿](무인멀티콥터),소형무인기운용·조종,2
DJ-127,드론 비행로그 안전분석가,Python,파이썬,선수 학습(기초 참고),AIG20250000513278,드론 AI소프트웨어 개발[픽스호크+아두파일럿](무인멀티콥터),소형무인기운용·조종,2
DJ-185,드론 창고재고 조사원,Indoor Flight,Indoor Flight 관련 기술,선수 학습(기초 참고),AIG20263001345190,(산대특)산업현장의 시설물 관리 효율화를 위한 1인칭 시점 드론운용가 양성과정,항공기조종운송,2
