company_id,회사명,기업소개_원문발췌,주소,대표전화,홈페이지,보고서접수번호,보고서명,사업개요_DART쪽,추출범위
CMP0002,LIG디펜스앤에어로스페이스,"당사의 모태(母胎)가 되는 금성정밀공업은 1976년 자주국방의 기치 아래 설립되었습니다.당사는 방
위사업청, 국방과학연구소, 국방기술품질원 등과의 긴밀한 공조를 기반으로 정밀유도무기, 감시정찰,
지휘통제·통신, 항공전자, 전자전에 이르는 다양한 첨단 무기체계를 연구, 개발 및 양산해온 대한민
국을 대표하는 종합방위산업체입니다. 끊임없는 기술개발과 혁신으로 해외수출을 통해 대한민국 방
위산업의 위상을 알리며 내일의 평화를 지키는 글로벌 방산업체로 도약하고 있습니다.

오늘날에는 4차 산업혁명과 연계한 무인화, 드론, 로봇, 인공지능, 사이버전 등 미래기술 확보는 물론
, 국방·민수 기술교류에 기반한 스핀온·오프(Spin-On·Off)를 통해 당사가 나아갈 길을 적극적으로
모색하고 있습니다.",경기도 용인시 기흥구 마북로 207,1644-2005,https://www.ligdefenseaerospace.com,20260825000158,2026년 반기보고서,18,II-1 사업의 개요; 기업 소개 문단 발췌
CMP0004,STX엔진,"당사는 디젤엔진 전문생산업체로 출범하여 엔진, 전자통신, 부품/서비스 사업을 중심으로 하
는 엔진, 중전기 종합 회사입니다.
당사는 사업을 민수사업, 특수사업, 전자통신사업의 3개 사업부문으로 구분하여 운영하고 있
으며, 지배회사와 종속회사의 사업내용을 요약하면 아래와 같습니다.

(1) 민수사업부문
선박용 주기, 보기, 비상발전기 엔진 및 육상발전용 엔진, 그외 산업용 엔진 등의 설계, 제조,
판매, 부품공급, A/S 등 엔진과 관련된 모든 서비스를 제공하고 있습니다.

(2) 특수사업부문
육군의 주력인 K1계열 전차, K9자주포 및 해군, 해경의 함정(구축함, 고속정, 경비정 등)에
탑재되는 특수고속엔진을 설계, 제조, 판매, 정비 등의 서비스를 제공하고 있습니다.

(3) 전자통신사업부문
기상용 레이다를 비롯하여, 방위산업용 첨단 전자통신장비 등을 개발, 제작하는 사업으로 군
함에 설치 및 운용되는 수중음향체계, 전파탐지체계, 전술통신체계 등 다양한 장비를 공급하
고 있습니다.",경남 창원시 성산구 공단로 474번길 36,055-280-0114,http://www.stxengine.co.kr,20260814001988,2026년 반기보고서,13,II-1 사업의 개요; 기업 소개 문단 발췌
CMP0021,기아,"당사와 연결 종속회사는 보고서 작성 기준일 현재 완성차 및 부분품의 제조ㆍ판매, 렌트 및
정비용역을 사업으로 영위하고 있습니다. 렌트 및 정비부문은 연결실체 전체 매출에서 차지
하는 비중이 중요하지 않음에 따라 연결실체는 하나의 보고 부문으로 구성됩니다.

주요 제품은 완성차로 승용, RV, 상용 등으로 구분하고 있습니다. 승용 주요 차종은 모닝,
레이, K5, K8, K9, EV4 등이고, RV 주요 차종은 니로, 셀토스, 스포티지, 쏘렌토, 카니발, 타
스만, EV2, EV3, EV5, EV6, EV9 및 PV5 패신저 등이며, 상용 주요 차종은 봉고 트럭, 대형
버스 및 PV5 카고 등입니다.",서울시 서초구 헌릉로 12,02-3464-5114,https://www.kia.com,20260916000427,2026년 반기보고서,27,II-1 사업의 개요; 기업 소개 문단 발췌
CMP0033,노타,"당사는 이러한 시장 변화에 대응하여 AI 모델과 목표 하드웨어를 함께 분석하고, 모델 구조,
수치 정밀도, 연산 그래프 및 실행 방식을 조정하는 AI 모델 경량화ㆍ최적화 기술을 개발하
고 있습니다. 최적화를 통해 모델의 메모리와 연산량이 줄어들면 동일 노드에서 더 많은 모
델 또는 요청을 처리하거나, 필요한 GPUㆍ서버 수와 업그레이드 규모를 줄일 수 있어
CAPEX 효율화에 기여할 수 있습니다. 또한 클라우드 GPU 사용시간, 전력비 및 냉각비, 지
연시간 및 토큰당 비용을 낮추고 처리량과 자원 활용률을 높여 OPEX 효율화에도 기여할 수
있습니다.
당사의 AI 최적화 사업은 NetsPresso Platform을 중심으로 운영됩니다. NetsPresso
Platform은 모델 분석과 설계, 학습, 프루닝ㆍ양자화 등 경량화, 하드웨어별 변환ㆍ배포 및
실제 장비 성능 검증을 통합한 핵심 기술 플랫폼입니다. 고객에게는 플랫폼 라이선스,
SDKㆍ툴체인 연동, 모델 최적화 및 튜닝, 공동개발 및 상용화 등의 형태로 제공됩니다.
NetsPresso Solution은 이 플랫폼 기술을 교통, 산업안전, 영상관제, 운전자 모니터링 등 특
정 산업 환경에 적용한 제품화 사례로서, 별도 기술축이 아니라 플랫폼의 상용성과 현장 적
용성을 확장하는 역할을 합니다.","대전광역시 유성구 문지로 272-16, 502호",02-555-8659,https://www.nota.ai,20260814003297,2026년 반기보고서,11,II-1 사업의 개요; 기업 소개 문단 발췌
CMP0037,니어스랩,"당사는 AI 기반 자율비행 드론 솔루션을 개발ㆍ공급하는 기술 기업으로, 드론이 스스로 환경
을 인지하고 판단하여 임무를 수행할 수 있도록 하는 자율비행 소프트웨어 ‘Aerial
Intelligence’를 핵심 기술로 보유하고 있습니다. 당사는 단순 기체 제조 중심의 기존 드론 산
업과 차별화하여, 인지ㆍ항법ㆍ유도ㆍ제어 기술이 통합된 AI 기반 자율비행 플랫폼 사업을
영위하고 있습니다.

당사는 이러한 시장 변화에 대응하여 드론이 스스로 ‘보고-판단-행동’할 수 있는 자율비행
소프트웨어 ‘Aerial Intelligence’를 자체 개발하였습니다. 해당 기술은 제한된 연산 환경에
서도 실시간 AI 추론과 정밀 비행 제어가 가능하도록 최적화되어 있으며, 풍력발전기 점검
및 방산 드론 분야에서 상용 운용을 통해 기술 신뢰성을 확보하였습니다.

디펜스 부문에서는 AI 기반 대드론 하드킬 솔루션 ‘KAiDEN’과 군집 타격 솔루션
‘XAiDEN’을 개발하였습니다. 이를 기반으로 글로벌 방산 시장 진출을 확대하고 있으며, 엔
터프라이즈와 디펜스 분야 간 기술 공용화를 통해 사업 확장성과 원가 경쟁력을 강화하고 있
습니다.

엔터프라이즈 부문에서는 풍력발전기 점검 솔루션 사업을 영위하고 있습니다. 당사는 전 세
계 40개국 이상에서 누적 100,000개 이상의 블레이드를 점검한 실적을 보유하고 있으며, AI
기반 SaaS 플랫폼 ‘Zoomable’을 통해 점검 데이터 분석 및 관리 서비스를 제공하고 있습니
다.","서울특별시 송파구 정의로8길 9 (문정동, AJ빌딩) 3층",02-566-1574,http://www.nearthlab.com,20260828000598,2026년 반기보고서,15,II-1 사업의 개요; 기업 소개 문단 발췌
CMP0039,다온아이앤씨,"당사는 2015년 최초 설립하였으며 드론라이트쇼 사업을 기반으로 확장하여 2019년 국내 최
초로 드론 라이트쇼를 상용화 하였습니다. 또한 사업 영역 확대 및 기술 경쟁력 강화를 위해
2019년에 기업부설 연구소를설립하였으며, 현재 국방ㆍ방산ㆍ공공 분야로 사업 영역을 확
대하기 위한 관련 사업을 추진하고 있습니다. 당사의 사업구조는 드론라이트쇼 사업 및 신규
추진 사업인 국방ㆍ방산ㆍ공공 사업으로 구분됩니다.

1. 드론라이트쇼 사업
당사는 2019년 국내 최초로 드론라이트쇼를 상용화 하였으며, 주요 고객은 지자체, 재단 및
기획사 등입니다. 발주처의 요구에 맞춰 드론라이트쇼 콘텐츠를 제작하고 이를 기반으로 공
연을 운영하고 있습니다. 현재까지 당사의 주요 매출은 드론라이트쇼사업에서 발생하고 있
으며, 공연 목적 및 계약 형태에 따라 단건성 드론쇼뿐만 아니라 일정 기간 지속적으로 운영
되는 상설 드론쇼 계약도 수주하고 있습니다.

2. 국방ㆍ방산ㆍ공공 사업
당사는 AI 기반 자율ㆍ군집드론 기반 솔루션을 개발ㆍ공급하고 있습니다. 자체 개발한 군집
드론 소프트웨어와 FC, FMC 등 드론 핵심부품의 국산화에 성공하였으며, 이를 기반으로 국
산 군집드론의 개발 및 제조 역량을 확보하고 있습니다. 또한 군집제어, 임무계획, 관제 및 훈
련 등에 필요한 소프트웨어인 'XGCS', '군집드론 통합관제 SW'를 자체 기술로 개발하였습니
다. 이를 기반으로 국내 국방/방산/공공 분야뿐만 아니라 해외 국방/방산/공공 시장으로 사업
영역을 확대할 계획입니다.","경기도 광명시 일직로 43, 씨동 614-619호(일직동, 지아이디씨)",02-2039-8977,http://da-on.com,20260923000265,2026년 반기보고서,14,II-1 사업의 개요; 기업 소개 문단 발췌
CMP0045,대우건설,"현재 당사가 영위하는 사업은 크게 토목부문, 건축부문, 플랜트부문, 기타부문으로 나눌 수
있습니다. 각 사업(영업)부문별 주요사업은 다음과 같습니다.","서울특별시 중구 을지로 170(을지로4가, 을지트윈타워)",02-2288-3114,http://www.daewooenc.com,20260814002161,2026년 반기보고서,17,II-1 사업의 개요; 기업 소개 문단 발췌
CMP0049,대한항공,"당사는 여객사업, 화물사업, 항공우주사업을 주요 사업으로 영위하고 있습니다.

항공우주사업본부는 군용기 MRO/U, 항공기체, 무인기 개발 및 제조 사업을 수행하고 있습
니다. 군용기사업 부문에서는 약 50년간 국군과 미군의 항공기 창정비 및 개조/성능개량 작
업을 성공적으로 수행해왔습니다. 항공기체사업 부문에서는 보잉과 에어버스 항공기의 날개
와 동체의 주요 구조물을 설계, 제작, 납품하고 있습니다. 무인기사업 부문에서는 소형 드론
부터 대형 정찰 무인기, 무인협동전투기에 이르기까지 다양한 플랫폼을 개발 및 생산하고 있
으며, 현재 대형무인기의 양산을 주력사업으로 진행 중입니다. 또한 지속적 성장을 위한 해외
수출도 적극 추진하고 있습니다.",서울시 강서구 하늘길 260,02-2656-7114,http://www.koreanair.com,20260814002803,2026년 반기보고서,24,II-1 사업의 개요; 기업 소개 문단 발췌
CMP0105,베셀,"당사는 PVC, PET, PP 등의 필름 기재에 점착제 및 기능성 코팅을 적용한 산업용 필름소재를
개발·생산하고 있습니다. 주요 제품은 옥내·외 광고 및 디지털 인쇄에 사용되는 잉크젯 미디
어를 중심으로 윈도우 그래픽 필름, 사진·인쇄물 보호용 필름, 액정보호용 필름, 양면 점착필
름 및 각종 기능성 코팅필름 등으로 구성되어 있습니다.
기존 잉크젯 미디어 분야에서는 방염 그래픽 필름, 차량광고용 리무벌 필름 등 용도별 요구
성능을 강화한 제품을 지속적으로 개발하고 있습니다. 또한 도로표지판용 인쇄 보호필름과
마운팅 필름 등 신규 기능성 필름으로 개발영역을 확대하여 제품군 다변화를 추진하고 있습
니다.

당사는 이러한 디스플레이 판넬의 최종생산업체들이 보다 효율적이며 높은 생산성을담보할
수 있는 In-Line 시스템 설계제작 및 판넬생산장비 중 하나인 고온 Oven 등을 설계, 제작, 공
급해 온 역량을 바탕으로 디스플레이 장비 전방 산업에 참여해 왔으며, 현재는 기납품 장비
에 대한 유지보수 및 프로젝트 잔여 공정 수행을 중심으로 운영하고 있습니다.",경기도 수원시 권선구 서수원로 99번길 20,031-683-3953,http://www.vessel21.com,20260814000287,2026년 반기보고서,15,II-1 사업의 개요; 기업 소개 문단 발췌
CMP0166,에스케이온,"[배터리사업]
 당사 배터리사업은 전기차 및 ESS용 배터리 생산을 함께 추진하고 있습니다. 당사 고유의
고에너지밀도와 고출력 기술을 바탕으로 미국, 유럽, 중국 등 세계 각 지역에 배터리를 공급
하고 있으며, 2026년 말까지 179GWh 이상의 연간 생산 능력을 확보해 고객 수요에 대응할
계획입니다. 배터리 사업은 2026년 상반기 4조 8,161억원의 매출액 및 기타영업수익을 시
현하였습니다.

[석유사업]
원유 및 석유화학제품의 보관 및 취급, 출하, 수출입 및 중개 업무를 주요사업으로 영위하고
있습니다. 또한, 싱가포르, 유럽, 북미, 중동 등 주요 석유 트레이딩 허브에서 차별화된 트레
이딩 플랫폼을 구축 및 운영하고 있으며, 에너지 전환 시대에 맞춰 바이오 및 저탄소 연료
(Low-Carbon Fuel) 관련 트레이딩으로 사업 포트폴리오 확장하고 있습니다. 석유사업은
2026년 상반기 38조 3,398억원의 매출을 시현하였습니다.

[기유 및 윤활유사업]
당사가 제조하여 판매하는 제품은 기유(Base Oil)와 윤활유(Lubricant)로 나눌 수 있으며,
이 중 기유는 원유에서 여러 정제 공정을 거쳐 제조된 유분 중 마찰을 감소시키는 윤활제 물
질입니다. 윤활유는 윤활제 기능을 더욱 강화하거나 보완하기 위해 주원료인 기유에 첨가제
등을 혼합하여 생산됩니다. 윤활유 구성에서 기유는 통상 80%~100%의 높은 비중을 차지합
니다. 기유 및 윤활유사업은 2026년 상반기 3조 2,052억원의 매출을 시현하였습니다.",서울특별시 종로구 인사동 7길 32(관훈동),02-2121-5114,http://www.sk-on.com,20260814003034,2026년 반기보고서,21,II-1 사업의 개요; 기업 소개 문단 발췌
CMP0206,이노뎁,"당사는 영상감시장치에서 수집된 다양한 영상정보(사고 및 범죄, 물류 이동경로 및 통행량 분석 데이
터 등)를 인공지능 기술을 통하여 관제시스템에 구현, 수요자가 효과적으로 활용할 수 있도록 하는
사업을 주력으로 영위하고 있습니다.

당사는 현재 기준 대한민국 지방자치 단체 통합관제센터의 약50% 이상을 영위하고있는 시장 지배력
을 바탕으로 최근에는 고도화 된 인공지능 기술을 통해 민간 및 해외 관련시장에 대한 선제적 진출을
결정, 중남미, 북미, 남미, 일본 등을 대상으로 시장 확대를 시도하고 있습니다.

당사의 인공지능 기술은 다양한 장소와 환경에서 상황 별로 차별화 된 정보롤 수요처에 제공할 수 있
으며 해당 기술은 공공 기관 등의 대형 인프라에 최적화 된 (VURIX), (VUCATCHER), 민간 시장 대상
주력 제품 (VUNex) 등의 자체 솔루션을 통해 구현되고 있습니다.","서울시 금천구 디지털로9길 47 (한신IT타워 2차) 9,11층",,,20260814003183,2026년 반기보고서,13,II-1 사업의 개요; 기업 소개 문단 발췌
CMP0212,이지시스템,"가. 회사의 현황
(1) 영업개황 및 사업부문의 구분
(가) 영업개황
지난 30년간 국내 400여 고객사에 종합 IT 서비스를 제공하고 있는 중견 전문 IT 기업으로,
고객 서비스를 통하여 구축한 각종 경험과 Know-How를 바탕으로 최고의 IT 서비스 기업을
지향하고 있으며, Hardware, Network 등의 IT 인프라 및 다양한 업무 시스템 구축에 대한 컨
설팅, 개발, 유지보수 등의 서비스를 제공할 뿐만 아니라, 적극적인 R&D 투자를 통하여 전문
IT 솔루션을 개발 및 공급하고 있습니다.
 회사의 주 매출은 시스템통합과 소프트웨어개발 그리고 서버 유통에서 일어나고 있습니다.
부문별로 설명하자면, 당사가 수년간 시장점유율 1위를 지키고 있는 iSeries서버 시장에서
직판과 총판 매출이 고루 일어나고 있고, xSeries서버 매출과 pSeries서버 매출도 지속적으
로 발생하여, 전기에 이어 판매 서버의 다변화가 안정적으로 이루어지고 있으며, 유지보수의
점진적인 증가로 안정성과 수익성을 추구하도록 하겠습니다.
또한 VMware를 통한 시스템 가상화 시장의 사업영역 확장 및 Hiclass라는 자체 개발 소프트
웨어를 기반으로 스마트 교육 및 3D 프린팅 사업시장으로 진출하였으며, PDF엔진기반의 스
마트티칭시스템과 스마트시트와의 결합을 통한 전자칠판 HiClass SmartSheet의 국내보급
및 수출사업을 본격화 할 예정입니다.
당사는 NAKIVO S/W와 관련하여 GS인증 1등급을 취득함으로써 제품의 품질 및 신뢰성을 객
관적으로 인정받았으며, 이를 바탕으로 공공기관 및 관련 시장을 대상으로 제품의 경쟁력을
강화하고 있습니다.","서울시 금천구 가산디지털1로 168, C동 1312호",02-3484-4800,http://www.easy.co.kr,20260814002780,2026년 반기보고서,15,II-1 사업의 개요; 기업 소개 문단 발췌
CMP0219,제이씨현시스템,"당사는 컴퓨터기기 및 통합배선솔루션, 드론, VR기기 등 IT제품 등을 판매, 리스하는 부문
(지배회사)과 네트워크 및 정보보안, 온라인 화상회의, 온라인 솔루션 등을 제공하는 인터넷
서비스 부문(종속회사)으로 사업을 구분할 수 있다.",서울시 용산구 새창로45길 74,02-2105-9100,http://www.jchyun.com,20260814002062,2026년 반기보고서,13,II-1 사업의 개요; 기업 소개 문단 발췌
CMP0248,퍼스텍,"회사는 당기말 현재 국내에 단일 사업 부문(방위산업)을 운영하고 있습니다. 당사는 1975년
9월에 전신인 제일정밀공업㈜가 설립되어 국가 방위사업체로 지정된이후 T-50, 수리온, 단
거리지대지, 지대공 유도무기, K-9 자주포, K-10 탄약운반차 등 굵직한 체계사업에 참여,
다양한 분야에서 발사통제장비, 구동장치, 냉각장치, 자동소화장치 등을 개발, 생산하며 퍼스
텍의 기술 및 품질을 인정 받고 있습니다.",경남 창원시 성산구 남면로 485,055-280-1911,http://www.firsteccom.co.kr,20260814002664,2026년 반기보고서,11,II-1 사업의 개요; 기업 소개 문단 발췌
CMP0252,풍산,"당사 사업부문을 요약하면, 신동사업 부문에서는 동 및 동합금 소재로 판ㆍ대, 리드프레임
소재, 봉ㆍ선, 주화용 소전을 생산하고 있으며, 방산사업 부문에서는 소구경탄에서부터 대구
경까지 이르는 각종 군용 탄약과 스포츠용 탄약, 추친화약 및 탄약 부분품, 정밀 단조품 등을
생산하고 있습니다.

주요 종속회사로는 PMX Industries, Inc., Siam Poongsan Metal Co., Ltd., PMC
Ammunition, Inc., ㈜풍산FNS 등이 있으며, 국내외 현지법인을 통해 미국, 중국, 동남아 등
주요 지역에 생산ㆍ판매 라인을 구축하여 글로벌 시장 점유율 확대를 추진하고 있습니다.",경기도 평택시 포승읍 평택항로156번길 134,02-3406-5114,https://www.poongsan.co.kr,20260814004203,2026년 반기보고서,12,II-1 사업의 개요; 기업 소개 문단 발췌
CMP0270,한국전력공사,"현재 국내 전력 산업의 체계는 전력생산, 수송, 판매 체계로 이뤄지고 있으며, 당사는발전자
회사와 민간발전회사, 구역전기사업자가 생산한 전력을 전력거래소에서 구입하여 일반 고객
에게 판매하고 있습니다.

(주요 사업 및 매출) 당사의 주요 사업은 네 개의 사업부문으로 구성되어 있습니다. ① 전기
판매부문[한국전력공사(주)]에서는 구역전기사업자 판매지역을 제외하고 국내 전역에 소비
되는 전력량의 대부분을 판매하고 있습니다. ② 원자력발전사업부문[한국수력원자력(주)]과
③ 화력발전사업부문[한국남동발전(주), 한국중부발전(주), 한국서부발전(주), 한국남부발전
(주), 한국동서발전(주)]에서 생산된 전기는 전력거래소를 통해 한국전력공사에 판매되고 있
습니다. ④ 기타사업부문으로 발전소설계[한국전력기술(주)], 전력설비정비[한전KPS(주)],
전력ICT서비스[한전KDN(주)], 원자력연료가공[한전원자력연료(주)], 해외전력사업 및 관
련 투자사업 등이 있습니다. 2026년 반기 당사의 연결기준 누적 매출액은 46조 3,173억원으
로, 전년 동기 대비 0.3% 증가하였습니다.
※ 부문별 사업에 관한 자세한 사항은 'Ⅱ.사업의내용 - 7. 기타 참고사항'의 '가. 사업부문별 요약 재
무현황'과 '나. 사업부문별 현황 및 영업개황' 항목을 참조하시기 바랍니다.",전남광주통합특별시 나주시 전력로 55,061-345-3114,http://www.kepco.co.kr,20260814002198,2026년 반기보고서,16,II-1 사업의 개요; 기업 소개 문단 발췌
CMP0282,한화,"[제조서비스업] 가. 화약제조업
화약제조업 부문에서는 산업용 화약(㈜한화 글로벌부문), 방산(한화에어로스페이스㈜, 한화
시스템㈜), 항공엔진(한화에어로스페이스㈜), 산업용 기계(한화모멘텀㈜, 한화세미텍㈜, 시
큐리티(한화비전㈜) 사업 등을 영위하고 있습니다.

나. 도소매업
도소매업 부문에서는 무역 (㈜한화 글로벌부문 등), 백화점 및 도소매 (한화갤러리아㈜ 등)
사업 등을 영위하고 있습니다.

다. 화학제조업
PE, PVC, CA, TDI 제품 등을 생산ㆍ판매하는 기초소재 부문과 셀과 모듈 등의 태양광 제품
을 담당하는 신재생에너지 부문, 자동차 부품과 산업용 소재, 태양광 소재 등을 담당하는 가
공부문, 기타 제조판매업 및 부동산업 등을 담당하는 기타 부문이 있습니다.

라. 건설업
건설업 부문에서는 종합건설 (㈜한화 건설부문 등)과 부동산 개발 및 분양 (㈜한화솔루션 인
사이트 부문) 사업 등을 영위하고 있습니다.

[금융업] 금융업 부문에서는 생명보험(한화생명보험㈜ 등), 손해보험(한화손해보험㈜ 등),금융투자(한
화투자증권㈜ 등), 저축은행(㈜한화저축은행), 자산운용(한화자산운용㈜ 등) 사업 등을 영위
하고 있습니다.",서울특별시 중구 청계천로 86,02-729-1114,http://www.hanwhacorp.co.kr,20260831001249,2026년 반기보고서,56; 152,II-1 사업의 개요; 기업 소개 문단 발췌
CMP0283,한화시스템,"당사는 방산전자 분야 핵심기술을 바탕으로 제품의 개발, 생산 및 판매, MRO를 주요사업으
로 하는 방산사업과 기업의 전산시스템을 구축(SI), 유지보수(ITO) 등 서비스 판매 및 디지털
플랫폼을 주요 사업으로 하는 ICT 사업을 주로 영위하고 있습니다.
특히 당사는 방산부문의 정밀 전자 기술과 ICT 부문의 데이터 처리 역량을 융합하여 미래 전
장 환경에 최적화된 '초지능ㆍ초융합ㆍ초연결 통합 솔루션'을 제공하고 있으며, 미국 소재
Hanwha Philly Shipyard Inc.를 주요 종속회사로 확보함으로써 미국 함정 MRO 시장 진입
및 글로벌 수출 거점을 공고히 하고 있습니다.

[방산부문]
방산부문은 감시정찰, 미래 네트워크중심전(NCW)을 위한 통합솔루션을 제공하는 지휘통제
통신, 국내 최초 전투기용 능동위상배열(AESA) 레이다를 포함한 항공기에 탑재되는 전자장
비 및 각종 센서류를 통합하는 항공전자, 국내 유일의 수상함 및 잠수함 전투체계 독자개발
역량을 갖추고 있는 해양시스템, 한반도 지역 및 주변국을 실시간으로 감시할 수 있는 초소
형 관측위성체계 및 SAR, EOㆍIR 등의 위성사업, 무기체계와 군사장비의 유지보수와 성능
개량을 담당하는 MRO 등을 주요 사업으로 수행하고 있습니다.

[ICT부문]
ICT부문은 기업이 비즈니스를 수행하기 위해 필요한 정보화 시스템을 구축 하는 SI사업과
고객의 전산시스템을 운영 및 관리하는 IT아웃소싱 및 블록체인, AI 등 딥테크 기술을 활용
한 디지털플랫폼 등을 주요사업으로 수행하고 있습니다.",경상북도 구미시 산호대로 264-60,02-729-4605,http://www.hanwhasystems.com,20260820000123,2026년 반기보고서,25,II-1 사업의 개요; 기업 소개 문단 발췌
CMP0284,한화에어로스페이스,"당사 및 종속회사는 고도의 정밀기계분야 핵심기술을 바탕으로 2026년 반기말 기준 항공,
방산, 조선 및 해양제품, IT서비스, 항공우주 사업 등 다양한 사업 포트폴리오를 구성하고 있
습니다.",경남 창원시 성산구 창원대로 1204(성주동),055-260-2114,http://www.hanwhaaerospace.com,20260814003198,2026년 반기보고서,25,II-1 사업의 개요; 기업 소개 문단 발췌
CMP0291,현대로템,"현대로템은 글로벌 종합기계 기업으로 1977년 창립되어 육ㆍ해ㆍ공을 아우르는
종합무기체계와 우주발사체, 미래무인체계, 수소인프라솔루션, 산업용 로보틱스 등을 개발ㆍ
공급하는 AD&RH 사업, 국가 기간산업인 고속철 등 종합철도차량 제조, 철도시스템 솔루션,
철도 운영 및 유지보수 등을 영위하고 있는 RS 사업, 그리고 프레스, 에코 제철설비 등을 제
조ㆍ판매하는 EP 사업으로 구성되어 있습니다.",경상남도 창원시 성산구 창원대로 488,055-273-1341,http://www.hyundai-rotem.co.kr,20260814002977,2026년 반기보고서,13,II-1 사업의 개요; 기업 소개 문단 발췌
CMP0292,현대자동차,"[제조서비스업] [차량부문]
당사는 제59기 상반기 누계 약 197만대의 판매 실적을 바탕으로 연결기준 차량부문에서 약
71조원의 매출을 기록했습니다. 당사는 ① Manufacturing Excellence ② New Product
Innovation : Hyundai & Genesis ③ Advanced Tech & SDV ④ Investing for the
Future & Innovative Partnerships를 통해 당사만의 유연한 시장 대응 역량 기반으로 시장
불확실성에 대응하며 수익성을 제고해 나갈 것입니다. 상세 내용은 II. 사업의 내용의 7. (제
조서비스업)기타 참고사항의 사. 회사의 중ㆍ장기 전략을 참조하시기 바랍니다.",서울시 서초구 헌릉로 12 (양재동),02-3464-1114,http://www.hyundai.com,20260814003521,2026년 반기보고서,29; 54,II-1 사업의 개요; 기업 소개 문단 발췌
CMP0296,휴니드테크놀러지스,"당사는 전술통신사업 및 전술시스템사업으로 구성된 방산사업과 글로벌 기업들과의 전략적
제휴를 통한 해외 수출 및 절충교역 등의 사업을 영위하는 해외사업으로 사업을 구분하고 있
으며, 각 사업부문의 생산제품 및 서비스는 아래와 같습니다.

당사의 사업부문별 구분은 사업의 효율적 수행을 위한 내부 방침에 따라 구분된 것이며 아래
와 같이 구분하여 내용을 작성합니다.
- 방산사업 : 전술통신용 무전기, 특수장비, 지휘통제체계 및 무기체계 등의 구축을 위한 소
프트웨어 등
- 해외사업 : 항공 전기/전자장비, 와이어하네스, 절충교역(Offset) , 해외수출 등",인천광역시 연수구 벤처로87,032-457-6000,http://www.huneed.com,20260814003254,2026년 반기보고서,15,II-1 사업의 개요; 기업 소개 문단 발췌
